"ID","X-Def","Y-Def","Z-Def"
1,1.6,2.,0.
2,1.717157,1.717157,1.776357E-15
3,1.717157,2.282843,-8.881784E-15
4,2.,1.6,0.
5,2.,1.811438,5.329071E-15
6,2.,2.,0.
7,2.,2.188562,-7.105427E-15
8,2.,2.4,5.329071E-15
9,2.282843,1.717157,1.776357E-15
10,2.282843,2.282843,-8.881784E-15
11,2.4,2.,0.
12,5.6,2.,0.
13,5.717157,1.717157,1.776357E-15
14,5.717157,2.282843,-8.881784E-15
15,6.,1.6,0.
16,6.,1.811438,5.329071E-15
17,6.,2.,0.
18,6.,2.188562,-7.105427E-15
19,6.,2.4,5.329071E-15
20,6.282843,1.717157,1.776357E-15
21,6.282843,2.282843,-8.881784E-15
22,6.4,2.,0.
23,9.6,2.,0.
24,9.717157,1.717157,1.776357E-15
25,9.717157,2.282843,0.
26,10.,1.6,0.
27,10.,1.811438,-4.440892E-15
28,10.,2.,0.
29,10.,2.188562,2.664535E-15
30,10.,2.4,5.329071E-15
31,10.28284,1.717157,1.776357E-15
32,10.28284,2.282843,0.
33,10.4,2.,0.
34,13.6,2.,0.
35,13.71716,1.717157,1.776357E-15
36,13.71716,2.282843,0.
37,14.,1.6,0.
38,14.,1.811438,-4.440892E-15
39,14.,2.,0.
40,14.,2.188562,2.664535E-15
41,14.,2.4,5.329071E-15
42,14.28284,1.717157,1.776357E-15
43,14.28284,2.282843,0.
44,14.4,2.,0.
45,17.6,2.,-5.329071E-15
46,17.71716,1.717157,1.776357E-15
47,17.71716,2.282843,0.
48,18.,1.6,0.
49,18.,1.811438,5.329071E-15
50,18.,2.,0.
51,18.,2.188562,-7.105427E-15
52,18.,2.4,0.
53,18.28284,1.717157,1.776357E-15
54,18.28284,2.282843,0.
55,18.4,2.,0.
56,21.6,2.,0.
57,21.71716,1.717157,1.776357E-15
58,21.71716,2.282843,0.
59,22.,1.6,0.
60,22.,1.811438,0.
61,22.,2.,0.
62,22.,2.188562,-1.776357E-15
63,22.,2.4,0.
64,22.28284,1.717157,1.776357E-15
65,22.28284,2.282843,0.
66,22.4,2.,0.
67,25.6,2.,0.
68,25.71716,1.717157,0.
69,25.71716,2.282843,-1.776357E-15
70,26.,1.6,0.
71,26.,1.811438,-1.776357E-15
72,26.,2.,0.
73,26.,2.188562,0.
74,26.,2.4,0.
75,26.28284,1.717157,0.
76,26.28284,2.282843,-1.776357E-15
77,26.4,2.,0.
78,29.6,2.,0.
79,29.71716,1.717157,0.
80,29.71716,2.282843,0.
81,30.,1.6,0.
82,30.,1.811438,0.
83,30.,2.,0.
84,30.,2.188562,0.
85,30.,2.4,0.
86,30.28284,1.717157,0.
87,30.28284,2.282843,0.
88,30.4,2.,0.
89,1.6,2.,0.4
90,1.717157,1.717157,0.4
91,1.717157,2.282843,0.4
92,2.,1.6,0.4
93,2.,1.811438,0.4
94,2.,2.,0.4
95,2.,2.188562,0.4
96,2.,2.4,0.4
97,2.282843,1.717157,0.4
98,2.282843,2.282843,0.4
99,2.4,2.,0.4
100,5.6,2.,0.4
101,5.717157,1.717157,0.4
102,5.717157,2.282843,0.4
103,6.,1.6,0.4
104,6.,1.811438,0.4
105,6.,2.,0.4
106,6.,2.188562,0.4
107,6.,2.4,0.4
108,6.282843,1.717157,0.4
109,6.282843,2.282843,0.4
110,6.4,2.,0.4
111,9.6,2.,0.4
112,9.717157,1.717157,0.4
113,9.717157,2.282843,0.4
114,10.,1.6,0.4
115,10.,1.811438,0.4
116,10.,2.,0.4
117,10.,2.188562,0.4
118,10.,2.4,0.4
119,10.28284,1.717157,0.4
120,10.28284,2.282843,0.4
121,10.4,2.,0.4
122,13.6,2.,0.4
123,13.71716,1.717157,0.4
124,13.71716,2.282843,0.4
125,14.,1.6,0.4
126,14.,1.811438,0.4
127,14.,2.,0.4
128,14.,2.188562,0.4
129,14.,2.4,0.4
130,14.28284,1.717157,0.4
131,14.28284,2.282843,0.4
132,14.4,2.,0.4
133,17.6,2.,0.4
134,17.71716,1.717157,0.4
135,17.71716,2.282843,0.4
136,18.,1.6,0.4
137,18.,1.811438,0.4
138,18.,2.,0.4
139,18.,2.188562,0.4
140,18.,2.4,0.4
141,18.28284,1.717157,0.4
142,18.28284,2.282843,0.4
143,18.4,2.,0.4
144,21.6,2.,0.4
145,21.71716,1.717157,0.4
146,21.71716,2.282843,0.4
147,22.,1.6,0.4
148,22.,1.811438,0.4
149,22.,2.,0.4
150,22.,2.188562,0.4
151,22.,2.4,0.4
152,22.28284,1.717157,0.4
153,22.28284,2.282843,0.4
154,22.4,2.,0.4
155,25.6,2.,0.4
156,25.71716,1.717157,0.4
157,25.71716,2.282843,0.4
158,26.,1.6,0.4
159,26.,1.811438,0.4
160,26.,2.,0.4
161,26.,2.188562,0.4
162,26.,2.4,0.4
163,26.28284,1.717157,0.4
164,26.28284,2.282843,0.4
165,26.4,2.,0.4
166,29.6,2.,0.4
167,29.71716,1.717157,0.4
168,29.71716,2.282843,0.4
169,30.,1.6,0.4
170,30.,1.811438,0.4
171,30.,2.,0.4
172,30.,2.188562,0.4
173,30.,2.4,0.4
174,30.28284,1.717157,0.4
175,30.28284,2.282843,0.4
176,30.4,2.,0.4
177,1.6,2.,0.8
178,1.717157,1.717157,0.8
179,1.717157,2.282843,0.8
180,2.,1.6,0.8
181,2.,1.811438,0.8
182,2.,2.,0.8
183,2.,2.188562,0.8
184,2.,2.4,0.8
185,2.282843,1.717157,0.8
186,2.282843,2.282843,0.8
187,2.4,2.,0.8
188,5.6,2.,0.8
189,5.717157,1.717157,0.8
190,5.717157,2.282843,0.8
191,6.,1.6,0.8
192,6.,1.811438,0.8
193,6.,2.,0.8
194,6.,2.188562,0.8
195,6.,2.4,0.8
196,6.282843,1.717157,0.8
197,6.282843,2.282843,0.8
198,6.4,2.,0.8
199,9.6,2.,0.8
200,9.717157,1.717157,0.8
201,9.717157,2.282843,0.8
202,10.,1.6,0.8
203,10.,1.811438,0.8
204,10.,2.,0.8
205,10.,2.188562,0.8
206,10.,2.4,0.8
207,10.28284,1.717157,0.8
208,10.28284,2.282843,0.8
209,10.4,2.,0.8
210,13.6,2.,0.8
211,13.71716,1.717157,0.8
212,13.71716,2.282843,0.8
213,14.,1.6,0.8
214,14.,1.811438,0.8
215,14.,2.,0.8
216,14.,2.188562,0.8
217,14.,2.4,0.8
218,14.28284,1.717157,0.8
219,14.28284,2.282843,0.8
220,14.4,2.,0.8
221,17.6,2.,0.8
222,17.71716,1.717157,0.8
223,17.71716,2.282843,0.8
224,18.,1.6,0.8
225,18.,1.811438,0.8
226,18.,2.,0.8
227,18.,2.188562,0.8
228,18.,2.4,0.8
229,18.28284,1.717157,0.8
230,18.28284,2.282843,0.8
231,18.4,2.,0.8
232,21.6,2.,0.8
233,21.71716,1.717157,0.8
234,21.71716,2.282843,0.8
235,22.,1.6,0.8
236,22.,1.811438,0.8
237,22.,2.,0.8
238,22.,2.188562,0.8
239,22.,2.4,0.8
240,22.28284,1.717157,0.8
241,22.28284,2.282843,0.8
242,22.4,2.,0.8
243,25.6,2.,0.8
244,25.71716,1.717157,0.8
245,25.71716,2.282843,0.8
246,26.,1.6,0.8
247,26.,1.811438,0.8
248,26.,2.,0.8
249,26.,2.188562,0.8
250,26.,2.4,0.8
251,26.28284,1.717157,0.8
252,26.28284,2.282843,0.8
253,26.4,2.,0.8
254,29.6,2.,0.8
255,29.71716,1.717157,0.8
256,29.71716,2.282843,0.8
257,30.,1.6,0.8
258,30.,1.811438,0.8
259,30.,2.,0.8
260,30.,2.188562,0.8
261,30.,2.4,0.8
262,30.28284,1.717157,0.8
263,30.28284,2.282843,0.8
264,30.4,2.,0.8
265,1.6,2.,1.2
266,1.717157,1.717157,1.2
267,1.717157,2.282843,1.2
268,2.,1.6,1.2
269,2.,1.811438,1.2
270,2.,2.,1.2
271,2.,2.188562,1.2
272,2.,2.4,1.2
273,2.282843,1.717157,1.2
274,2.282843,2.282843,1.2
275,2.4,2.,1.2
276,5.6,2.,1.2
277,5.717157,1.717157,1.2
278,5.717157,2.282843,1.2
279,6.,1.6,1.2
280,6.,1.811438,1.2
281,6.,2.,1.2
282,6.,2.188562,1.2
283,6.,2.4,1.2
284,6.282843,1.717157,1.2
285,6.282843,2.282843,1.2
286,6.4,2.,1.2
287,9.6,2.,1.2
288,9.717157,1.717157,1.2
289,9.717157,2.282843,1.2
290,10.,1.6,1.2
291,10.,1.811438,1.2
292,10.,2.,1.2
293,10.,2.188562,1.2
294,10.,2.4,1.2
295,10.28284,1.717157,1.2
296,10.28284,2.282843,1.2
297,10.4,2.,1.2
298,13.6,2.,1.2
299,13.71716,1.717157,1.2
300,13.71716,2.282843,1.2
301,14.,1.6,1.2
302,14.,1.811438,1.2
303,14.,2.,1.2
304,14.,2.188562,1.2
305,14.,2.4,1.2
306,14.28284,1.717157,1.2
307,14.28284,2.282843,1.2
308,14.4,2.,1.2
309,17.6,2.,1.2
310,17.71716,1.717157,1.2
311,17.71716,2.282843,1.2
312,18.,1.6,1.2
313,18.,1.811438,1.2
314,18.,2.,1.2
315,18.,2.188562,1.2
316,18.,2.4,1.2
317,18.28284,1.717157,1.2
318,18.28284,2.282843,1.2
319,18.4,2.,1.2
320,21.6,2.,1.2
321,21.71716,1.717157,1.2
322,21.71716,2.282843,1.2
323,22.,1.6,1.2
324,22.,1.811438,1.2
325,22.,2.,1.2
326,22.,2.188562,1.2
327,22.,2.4,1.2
328,22.28284,1.717157,1.2
329,22.28284,2.282843,1.2
330,22.4,2.,1.2
331,25.6,2.,1.2
332,25.71716,1.717157,1.2
333,25.71716,2.282843,1.2
334,26.,1.6,1.2
335,26.,1.811438,1.2
336,26.,2.,1.2
337,26.,2.188562,1.2
338,26.,2.4,1.2
339,26.28284,1.717157,1.2
340,26.28284,2.282843,1.2
341,26.4,2.,1.2
342,29.6,2.,1.2
343,29.71716,1.717157,1.2
344,29.71716,2.282843,1.2
345,30.,1.6,1.2
346,30.,1.811438,1.2
347,30.,2.,1.2
348,30.,2.188562,1.2
349,30.,2.4,1.2
350,30.28284,1.717157,1.2
351,30.28284,2.282843,1.2
352,30.4,2.,1.2
353,1.6,2.,1.6
354,1.717157,1.717157,1.6
355,1.717157,2.282843,1.6
356,2.,1.6,1.6
357,2.,1.811438,1.6
358,2.,2.,1.6
359,2.,2.188562,1.6
360,2.,2.4,1.6
361,2.282843,1.717157,1.6
362,2.282843,2.282843,1.6
363,2.4,2.,1.6
364,5.6,2.,1.6
365,5.717157,1.717157,1.6
366,5.717157,2.282843,1.6
367,6.,1.6,1.6
368,6.,1.811438,1.6
369,6.,2.,1.6
370,6.,2.188562,1.6
371,6.,2.4,1.6
372,6.282843,1.717157,1.6
373,6.282843,2.282843,1.6
374,6.4,2.,1.6
375,9.6,2.,1.6
376,9.717157,1.717157,1.6
377,9.717157,2.282843,1.6
378,10.,1.6,1.6
379,10.,1.811438,1.6
380,10.,2.,1.6
381,10.,2.188562,1.6
382,10.,2.4,1.6
383,10.28284,1.717157,1.6
384,10.28284,2.282843,1.6
385,10.4,2.,1.6
386,13.6,2.,1.6
387,13.71716,1.717157,1.6
388,13.71716,2.282843,1.6
389,14.,1.6,1.6
390,14.,1.811438,1.6
391,14.,2.,1.6
392,14.,2.188562,1.6
393,14.,2.4,1.6
394,14.28284,1.717157,1.6
395,14.28284,2.282843,1.6
396,14.4,2.,1.6
397,17.6,2.,1.6
398,17.71716,1.717157,1.6
399,17.71716,2.282843,1.6
400,18.,1.6,1.6
401,18.,1.811438,1.6
402,18.,2.,1.6
403,18.,2.188562,1.6
404,18.,2.4,1.6
405,18.28284,1.717157,1.6
406,18.28284,2.282843,1.6
407,18.4,2.,1.6
408,21.6,2.,1.6
409,21.71716,1.717157,1.6
410,21.71716,2.282843,1.6
411,22.,1.6,1.6
412,22.,1.811438,1.6
413,22.,2.,1.6
414,22.,2.188562,1.6
415,22.,2.4,1.6
416,22.28284,1.717157,1.6
417,22.28284,2.282843,1.6
418,22.4,2.,1.6
419,25.6,2.,1.6
420,25.71716,1.717157,1.6
421,25.71716,2.282843,1.6
422,26.,1.6,1.6
423,26.,1.811438,1.6
424,26.,2.,1.6
425,26.,2.188562,1.6
426,26.,2.4,1.6
427,26.28284,1.717157,1.6
428,26.28284,2.282843,1.6
429,26.4,2.,1.6
430,29.6,2.,1.6
431,29.71716,1.717157,1.6
432,29.71716,2.282843,1.6
433,30.,1.6,1.6
434,30.,1.811438,1.6
435,30.,2.,1.6
436,30.,2.188562,1.6
437,30.,2.4,1.6
438,30.28284,1.717157,1.6
439,30.28284,2.282843,1.6
440,30.4,2.,1.6
441,1.6,2.,2.
442,1.717157,1.717157,2.
443,1.717157,2.282843,2.
444,2.,1.6,2.
445,2.,1.811438,2.
446,2.,2.,2.
447,2.,2.188562,2.
448,2.,2.4,2.
449,2.282843,1.717157,2.
450,2.282843,2.282843,2.
451,2.4,2.,2.
452,5.6,2.,2.
453,5.717157,1.717157,2.
454,5.717157,2.282843,2.
455,6.,1.6,2.
456,6.,1.811438,2.
457,6.,2.,2.
458,6.,2.188562,2.
459,6.,2.4,2.
460,6.282843,1.717157,2.
461,6.282843,2.282843,2.
462,6.4,2.,2.
463,9.6,2.,2.
464,9.717157,1.717157,2.
465,9.717157,2.282843,2.
466,10.,1.6,2.
467,10.,1.811438,2.
468,10.,2.,2.
469,10.,2.188562,2.
470,10.,2.4,2.
471,10.28284,1.717157,2.
472,10.28284,2.282843,2.
473,10.4,2.,2.
474,13.6,2.,2.
475,13.71716,1.717157,2.
476,13.71716,2.282843,2.
477,14.,1.6,2.
478,14.,1.811438,2.
479,14.,2.,2.
480,14.,2.188562,2.
481,14.,2.4,2.
482,14.28284,1.717157,2.
483,14.28284,2.282843,2.
484,14.4,2.,2.
485,17.6,2.,2.
486,17.71716,1.717157,2.
487,17.71716,2.282843,2.
488,18.,1.6,2.
489,18.,1.811438,2.
490,18.,2.,2.
491,18.,2.188562,2.
492,18.,2.4,2.
493,18.28284,1.717157,2.
494,18.28284,2.282843,2.
495,18.4,2.,2.
496,21.6,2.,2.
497,21.71716,1.717157,2.
498,21.71716,2.282843,2.
499,22.,1.6,2.
500,22.,1.811438,2.
501,22.,2.,2.
502,22.,2.188562,2.
503,22.,2.4,2.
504,22.28284,1.717157,2.
505,22.28284,2.282843,2.
506,22.4,2.,2.
507,25.6,2.,2.
508,25.71716,1.717157,2.
509,25.71716,2.282843,2.
510,26.,1.6,2.
511,26.,1.811438,2.
512,26.,2.,2.
513,26.,2.188562,2.
514,26.,2.4,2.
515,26.28284,1.717157,2.
516,26.28284,2.282843,2.
517,26.4,2.,2.
518,29.6,2.,2.
519,29.71716,1.717157,2.
520,29.71716,2.282843,2.
521,30.,1.6,2.
522,30.,1.811438,2.
523,30.,2.,2.
524,30.,2.188562,2.
525,30.,2.4,2.
526,30.28284,1.717157,2.
527,30.28284,2.282843,2.
528,30.4,2.,2.
529,1.6,2.,2.4
530,1.717157,1.717157,2.4
531,1.717157,2.282843,2.4
532,2.,1.6,2.4
533,2.,1.811438,2.4
534,2.,2.,2.4
535,2.,2.188562,2.4
536,2.,2.4,2.4
537,2.282843,1.717157,2.4
538,2.282843,2.282843,2.4
539,2.4,2.,2.4
540,5.6,2.,2.4
541,5.717157,1.717157,2.4
542,5.717157,2.282843,2.4
543,6.,1.6,2.4
544,6.,1.811438,2.4
545,6.,2.,2.4
546,6.,2.188562,2.4
547,6.,2.4,2.4
548,6.282843,1.717157,2.4
549,6.282843,2.282843,2.4
550,6.4,2.,2.4
551,9.6,2.,2.4
552,9.717157,1.717157,2.4
553,9.717157,2.282843,2.4
554,10.,1.6,2.4
555,10.,1.811438,2.4
556,10.,2.,2.4
557,10.,2.188562,2.4
558,10.,2.4,2.4
559,10.28284,1.717157,2.4
560,10.28284,2.282843,2.4
561,10.4,2.,2.4
562,13.6,2.,2.4
563,13.71716,1.717157,2.4
564,13.71716,2.282843,2.4
565,14.,1.6,2.4
566,14.,1.811438,2.4
567,14.,2.,2.4
568,14.,2.188562,2.4
569,14.,2.4,2.4
570,14.28284,1.717157,2.4
571,14.28284,2.282843,2.4
572,14.4,2.,2.4
573,17.6,2.,2.4
574,17.71716,1.717157,2.4
575,17.71716,2.282843,2.4
576,18.,1.6,2.4
577,18.,1.811438,2.4
578,18.,2.,2.4
579,18.,2.188562,2.4
580,18.,2.4,2.4
581,18.28284,1.717157,2.4
582,18.28284,2.282843,2.4
583,18.4,2.,2.4
584,21.6,2.,2.4
585,21.71716,1.717157,2.4
586,21.71716,2.282843,2.4
587,22.,1.6,2.4
588,22.,1.811438,2.4
589,22.,2.,2.4
590,22.,2.188562,2.4
591,22.,2.4,2.4
592,22.28284,1.717157,2.4
593,22.28284,2.282843,2.4
594,22.4,2.,2.4
595,25.6,2.,2.4
596,25.71716,1.717157,2.4
597,25.71716,2.282843,2.4
598,26.,1.6,2.4
599,26.,1.811438,2.4
600,26.,2.,2.4
601,26.,2.188562,2.4
602,26.,2.4,2.4
603,26.28284,1.717157,2.4
604,26.28284,2.282843,2.4
605,26.4,2.,2.4
606,29.6,2.,2.4
607,29.71716,1.717157,2.4
608,29.71716,2.282843,2.4
609,30.,1.6,2.4
610,30.,1.811438,2.4
611,30.,2.,2.4
612,30.,2.188562,2.4
613,30.,2.4,2.4
614,30.28284,1.717157,2.4
615,30.28284,2.282843,2.4
616,30.4,2.,2.4
617,1.6,2.,2.8
618,1.717157,1.717157,2.8
619,1.717157,2.282843,2.8
620,2.,1.6,2.8
621,2.,1.811438,2.8
622,2.,2.,2.8
623,2.,2.188562,2.8
624,2.,2.4,2.8
625,2.282843,1.717157,2.8
626,2.282843,2.282843,2.8
627,2.4,2.,2.8
628,5.6,2.,2.8
629,5.717157,1.717157,2.8
630,5.717157,2.282843,2.8
631,6.,1.6,2.8
632,6.,1.811438,2.8
633,6.,2.,2.8
634,6.,2.188562,2.8
635,6.,2.4,2.8
636,6.282843,1.717157,2.8
637,6.282843,2.282843,2.8
638,6.4,2.,2.8
639,9.6,2.,2.8
640,9.717157,1.717157,2.8
641,9.717157,2.282843,2.8
642,10.,1.6,2.8
643,10.,1.811438,2.8
644,10.,2.,2.8
645,10.,2.188562,2.8
646,10.,2.4,2.8
647,10.28284,1.717157,2.8
648,10.28284,2.282843,2.8
649,10.4,2.,2.8
650,13.6,2.,2.8
651,13.71716,1.717157,2.8
652,13.71716,2.282843,2.8
653,14.,1.6,2.8
654,14.,1.811438,2.8
655,14.,2.,2.8
656,14.,2.188562,2.8
657,14.,2.4,2.8
658,14.28284,1.717157,2.8
659,14.28284,2.282843,2.8
660,14.4,2.,2.8
661,17.6,2.,2.8
662,17.71716,1.717157,2.8
663,17.71716,2.282843,2.8
664,18.,1.6,2.8
665,18.,1.811438,2.8
666,18.,2.,2.8
667,18.,2.188562,2.8
668,18.,2.4,2.8
669,18.28284,1.717157,2.8
670,18.28284,2.282843,2.8
671,18.4,2.,2.8
672,21.6,2.,2.8
673,21.71716,1.717157,2.8
674,21.71716,2.282843,2.8
675,22.,1.6,2.8
676,22.,1.811438,2.8
677,22.,2.,2.8
678,22.,2.188562,2.8
679,22.,2.4,2.8
680,22.28284,1.717157,2.8
681,22.28284,2.282843,2.8
682,22.4,2.,2.8
683,25.6,2.,2.8
684,25.71716,1.717157,2.8
685,25.71716,2.282843,2.8
686,26.,1.6,2.8
687,26.,1.811438,2.8
688,26.,2.,2.8
689,26.,2.188562,2.8
690,26.,2.4,2.8
691,26.28284,1.717157,2.8
692,26.28284,2.282843,2.8
693,26.4,2.,2.8
694,29.6,2.,2.8
695,29.71716,1.717157,2.8
696,29.71716,2.282843,2.8
697,30.,1.6,2.8
698,30.,1.811438,2.8
699,30.,2.,2.8
700,30.,2.188562,2.8
701,30.,2.4,2.8
702,30.28284,1.717157,2.8
703,30.28284,2.282843,2.8
704,30.4,2.,2.8
705,1.6,2.,3.2
706,1.717157,1.717157,3.2
707,1.717157,2.282843,3.2
708,2.,1.6,3.2
709,2.,1.811438,3.2
710,2.,2.,3.2
711,2.,2.188562,3.2
712,2.,2.4,3.2
713,2.282843,1.717157,3.2
714,2.282843,2.282843,3.2
715,2.4,2.,3.2
716,5.6,2.,3.2
717,5.717157,1.717157,3.2
718,5.717157,2.282843,3.2
719,6.,1.6,3.2
720,6.,1.811438,3.2
721,6.,2.,3.2
722,6.,2.188562,3.2
723,6.,2.4,3.2
724,6.282843,1.717157,3.2
725,6.282843,2.282843,3.2
726,6.4,2.,3.2
727,9.6,2.,3.2
728,9.717157,1.717157,3.2
729,9.717157,2.282843,3.2
730,10.,1.6,3.2
731,10.,1.811438,3.2
732,10.,2.,3.2
733,10.,2.188562,3.2
734,10.,2.4,3.2
735,10.28284,1.717157,3.2
736,10.28284,2.282843,3.2
737,10.4,2.,3.2
738,13.6,2.,3.2
739,13.71716,1.717157,3.2
740,13.71716,2.282843,3.2
741,14.,1.6,3.2
742,14.,1.811438,3.2
743,14.,2.,3.2
744,14.,2.188562,3.2
745,14.,2.4,3.2
746,14.28284,1.717157,3.2
747,14.28284,2.282843,3.2
748,14.4,2.,3.2
749,17.6,2.,3.2
750,17.71716,1.717157,3.2
751,17.71716,2.282843,3.2
752,18.,1.6,3.2
753,18.,1.811438,3.2
754,18.,2.,3.2
755,18.,2.188562,3.2
756,18.,2.4,3.2
757,18.28284,1.717157,3.2
758,18.28284,2.282843,3.2
759,18.4,2.,3.2
760,21.6,2.,3.2
761,21.71716,1.717157,3.2
762,21.71716,2.282843,3.2
763,22.,1.6,3.2
764,22.,1.811438,3.2
765,22.,2.,3.2
766,22.,2.188562,3.2
767,22.,2.4,3.2
768,22.28284,1.717157,3.2
769,22.28284,2.282843,3.2
770,22.4,2.,3.2
771,25.6,2.,3.2
772,25.71716,1.717157,3.2
773,25.71716,2.282843,3.2
774,26.,1.6,3.2
775,26.,1.811438,3.2
776,26.,2.,3.2
777,26.,2.188562,3.2
778,26.,2.4,3.2
779,26.28284,1.717157,3.2
780,26.28284,2.282843,3.2
781,26.4,2.,3.2
782,29.6,2.,3.2
783,29.71716,1.717157,3.2
784,29.71716,2.282843,3.2
785,30.,1.6,3.2
786,30.,1.811438,3.2
787,30.,2.,3.2
788,30.,2.188562,3.2
789,30.,2.4,3.2
790,30.28284,1.717157,3.2
791,30.28284,2.282843,3.2
792,30.4,2.,3.2
793,1.6,2.,3.6
794,1.717157,1.717157,3.6
795,1.717157,2.282843,3.6
796,2.,1.6,3.6
797,2.,1.811438,3.6
798,2.,2.,3.6
799,2.,2.188562,3.6
800,2.,2.4,3.6
801,2.282843,1.717157,3.6
802,2.282843,2.282843,3.6
803,2.4,2.,3.6
804,5.6,2.,3.6
805,5.717157,1.717157,3.6
806,5.717157,2.282843,3.6
807,6.,1.6,3.6
808,6.,1.811438,3.6
809,6.,2.,3.6
810,6.,2.188562,3.6
811,6.,2.4,3.6
812,6.282843,1.717157,3.6
813,6.282843,2.282843,3.6
814,6.4,2.,3.6
815,9.6,2.,3.6
816,9.717157,1.717157,3.6
817,9.717157,2.282843,3.6
818,10.,1.6,3.6
819,10.,1.811438,3.6
820,10.,2.,3.6
821,10.,2.188562,3.6
822,10.,2.4,3.6
823,10.28284,1.717157,3.6
824,10.28284,2.282843,3.6
825,10.4,2.,3.6
826,13.6,2.,3.6
827,13.71716,1.717157,3.6
828,13.71716,2.282843,3.6
829,14.,1.6,3.6
830,14.,1.811438,3.6
831,14.,2.,3.6
832,14.,2.188562,3.6
833,14.,2.4,3.6
834,14.28284,1.717157,3.6
835,14.28284,2.282843,3.6
836,14.4,2.,3.6
837,17.6,2.,3.6
838,17.71716,1.717157,3.6
839,17.71716,2.282843,3.6
840,18.,1.6,3.6
841,18.,1.811438,3.6
842,18.,2.,3.6
843,18.,2.188562,3.6
844,18.,2.4,3.6
845,18.28284,1.717157,3.6
846,18.28284,2.282843,3.6
847,18.4,2.,3.6
848,21.6,2.,3.6
849,21.71716,1.717157,3.6
850,21.71716,2.282843,3.6
851,22.,1.6,3.6
852,22.,1.811438,3.6
853,22.,2.,3.6
854,22.,2.188562,3.6
855,22.,2.4,3.6
856,22.28284,1.717157,3.6
857,22.28284,2.282843,3.6
858,22.4,2.,3.6
859,25.6,2.,3.6
860,25.71716,1.717157,3.6
861,25.71716,2.282843,3.6
862,26.,1.6,3.6
863,26.,1.811438,3.6
864,26.,2.,3.6
865,26.,2.188562,3.6
866,26.,2.4,3.6
867,26.28284,1.717157,3.6
868,26.28284,2.282843,3.6
869,26.4,2.,3.6
870,29.6,2.,3.6
871,29.71716,1.717157,3.6
872,29.71716,2.282843,3.6
873,30.,1.6,3.6
874,30.,1.811438,3.6
875,30.,2.,3.6
876,30.,2.188562,3.6
877,30.,2.4,3.6
878,30.28284,1.717157,3.6
879,30.28284,2.282843,3.6
880,30.4,2.,3.6
881,-2.,0.,4.
882,-2.,0.5,4.
883,-2.,1.,4.
884,-2.,1.5,4.
885,-2.,2.,4.
886,-2.,2.5,4.
887,-2.,3.,4.
888,-2.,3.5,4.
889,-2.,4.,4.
890,-1.5,0.,4.
891,-1.5,0.5,4.
892,-1.5,1.,4.
893,-1.5,1.5,4.
894,-1.5,2.,4.
895,-1.5,2.5,4.
896,-1.5,3.,4.
897,-1.5,3.5,4.
898,-1.5,4.,4.
899,-1.,0.,4.
900,-1.,0.5,4.
901,-1.,1.,4.
902,-1.,1.5,4.
903,-1.,2.,4.
904,-1.,2.5,4.
905,-1.,3.,4.
906,-1.,3.5,4.
907,-1.,4.,4.
908,-0.5,0.,4.
909,-0.5,0.5,4.
910,-0.5,1.,4.
911,-0.5,1.5,4.
912,-0.5,2.,4.
913,-0.5,2.5,4.
914,-0.5,3.,4.
915,-0.5,3.5,4.
916,-0.5,4.,4.
917,0.,0.,4.
918,0.,0.5,4.
919,0.,1.,4.
920,0.,1.5,4.
921,0.,2.,4.
922,0.,2.5,4.
923,0.,3.,4.
924,0.,3.5,4.
925,0.,4.,4.
926,0.4,2.,4.
927,0.438544,1.515394,4.
928,0.438544,2.484606,4.
929,0.472599,1.020598,4.
930,0.472599,2.979402,4.
931,0.490023,0.512084,4.
932,0.490023,3.487916,4.
933,0.5,0.,4.
934,0.5,4.,4.
935,0.8,2.,4.
936,0.8816,1.541665,4.
937,0.8816,2.458335,4.
938,0.961765,1.054059,4.
939,0.961765,2.945941,4.
940,0.987518,0.5285,4.
941,0.987518,3.4715,4.
942,1.,0.,4.
943,1.,4.,4.
944,1.2,2.,4.
945,1.326031,1.596265,4.
946,1.326031,2.403735,4.
947,1.498221,0.546711,4.
948,1.498221,3.453289,4.
949,1.5,0.,4.
950,1.5,4.,4.
951,1.505386,1.127332,4.
952,1.505386,2.872668,4.
953,1.6,2.,4.
954,1.717157,1.717157,4.
955,1.717157,2.282843,4.
956,1.740844,1.401033,4.
957,1.740844,2.598967,4.
958,2.,0.,4.
959,2.,0.53281,4.
960,2.,1.036181,4.
961,2.,1.359974,4.
962,2.,1.6,4.
963,2.,1.811438,4.
964,2.,2.,4.
965,2.,2.188562,4.
966,2.,2.4,4.
967,2.,2.640026,4.
968,2.,2.963819,4.
969,2.,3.46719,4.
970,2.,4.,4.
971,2.259156,1.401033,4.
972,2.259156,2.598967,4.
973,2.282843,1.717157,4.
974,2.282843,2.282843,4.
975,2.4,2.,4.
976,2.494614,1.127332,4.
977,2.494614,2.872668,4.
978,2.5,0.,4.
979,2.5,4.,4.
980,2.501779,0.546711,4.
981,2.501779,3.453289,4.
982,2.673969,1.596265,4.
983,2.673969,2.403735,4.
984,2.8,2.,4.
985,3.,0.,4.
986,3.,4.,4.
987,3.012482,0.5285,4.
988,3.012482,3.4715,4.
989,3.038235,1.054059,4.
990,3.038235,2.945941,4.
991,3.1184,1.541665,4.
992,3.1184,2.458335,4.
993,3.2,2.,4.
994,3.5,0.,4.
995,3.5,4.,4.
996,3.509977,0.512084,4.
997,3.509977,3.487916,4.
998,3.527401,1.020598,4.
999,3.527401,2.979402,4.
1000,3.561456,1.515394,4.
1001,3.561456,2.484606,4.
1002,3.6,2.,4.
1003,4.,0.,4.
1004,4.,0.5,4.
1005,4.,1.,4.
1006,4.,1.5,4.
1007,4.,2.,4.
1008,4.,2.5,4.
1009,4.,3.,4.
1010,4.,3.5,4.
1011,4.,4.,4.
1012,4.4,2.,4.
1013,4.438544,1.515394,4.
1014,4.438544,2.484606,4.
1015,4.472599,1.020598,4.
1016,4.472599,2.979402,4.
1017,4.490023,0.512084,4.
1018,4.490023,3.487916,4.
1019,4.5,0.,4.
1020,4.5,4.,4.
1021,4.8,2.,4.
1022,4.8816,1.541665,4.
1023,4.8816,2.458335,4.
1024,4.961765,1.054059,4.
1025,4.961765,2.945941,4.
1026,4.987518,0.5285,4.
1027,4.987518,3.4715,4.
1028,5.,0.,4.
1029,5.,4.,4.
1030,5.2,2.,4.
1031,5.326031,1.596265,4.
1032,5.326031,2.403735,4.
1033,5.498221,0.546711,4.
1034,5.498221,3.453289,4.
1035,5.5,0.,4.
1036,5.5,4.,4.
1037,5.505386,1.127332,4.
1038,5.505386,2.872668,4.
1039,5.6,2.,4.
1040,5.717157,1.717157,4.
1041,5.717157,2.282843,4.
1042,5.740844,1.401033,4.
1043,5.740844,2.598967,4.
1044,6.,0.,4.
1045,6.,0.53281,4.
1046,6.,1.036181,4.
1047,6.,1.359974,4.
1048,6.,1.6,4.
1049,6.,1.811438,4.
1050,6.,2.,4.
1051,6.,2.188562,4.
1052,6.,2.4,4.
1053,6.,2.640026,4.
1054,6.,2.963819,4.
1055,6.,3.46719,4.
1056,6.,4.,4.
1057,6.259156,1.401033,4.
1058,6.259156,2.598967,4.
1059,6.282843,1.717157,4.
1060,6.282843,2.282843,4.
1061,6.4,2.,4.
1062,6.494614,1.127332,4.
1063,6.494614,2.872668,4.
1064,6.5,0.,4.
1065,6.5,4.,4.
1066,6.501779,0.546711,4.
1067,6.501779,3.453289,4.
1068,6.673969,1.596265,4.
1069,6.673969,2.403735,4.
1070,6.8,2.,4.
1071,7.,0.,4.
1072,7.,4.,4.
1073,7.012482,0.5285,4.
1074,7.012482,3.4715,4.
1075,7.038235,1.054059,4.
1076,7.038235,2.945941,4.
1077,7.1184,1.541665,4.
1078,7.1184,2.458335,4.
1079,7.2,2.,4.
1080,7.5,0.,4.
1081,7.5,4.,4.
1082,7.509977,0.512084,4.
1083,7.509977,3.487916,4.
1084,7.527401,1.020598,4.
1085,7.527401,2.979402,4.
1086,7.561456,1.515394,4.
1087,7.561456,2.484606,4.
1088,7.6,2.,4.
1089,8.,0.,4.
1090,8.,0.5,4.
1091,8.,1.,4.
1092,8.,1.5,4.
1093,8.,2.,4.
1094,8.,2.5,4.
1095,8.,3.,4.
1096,8.,3.5,4.
1097,8.,4.,4.
1098,8.4,2.,4.
1099,8.438544,1.515394,4.
1100,8.438544,2.484606,4.
1101,8.472599,1.020598,4.
1102,8.472599,2.979402,4.
1103,8.490023,0.512084,4.
1104,8.490023,3.487916,4.
1105,8.5,0.,4.
1106,8.5,4.,4.
1107,8.8,2.,4.
1108,8.8816,1.541665,4.
1109,8.8816,2.458335,4.
1110,8.961765,1.054059,4.
1111,8.961765,2.945941,4.
1112,8.987518,0.5285,4.
1113,8.987518,3.4715,4.
1114,9.,0.,4.
1115,9.,4.,4.
1116,9.2,2.,4.
1117,9.326031,1.596265,4.
1118,9.326031,2.403735,4.
1119,9.498221,0.546711,4.
1120,9.498221,3.453289,4.
1121,9.5,0.,4.
1122,9.5,4.,4.
1123,9.505386,1.127332,4.
1124,9.505386,2.872668,4.
1125,9.6,2.,4.
1126,9.717157,1.717157,4.
1127,9.717157,2.282843,4.
1128,9.740844,1.401033,4.
1129,9.740844,2.598967,4.
1130,10.,0.,4.
1131,10.,0.53281,4.
1132,10.,1.036181,4.
1133,10.,1.359974,4.
1134,10.,1.6,4.
1135,10.,1.811438,4.
1136,10.,2.,4.
1137,10.,2.188562,4.
1138,10.,2.4,4.
1139,10.,2.640026,4.
1140,10.,2.963819,4.
1141,10.,3.46719,4.
1142,10.,4.,4.
1143,10.25916,1.401033,4.
1144,10.25916,2.598967,4.
1145,10.28284,1.717157,4.
1146,10.28284,2.282843,4.
1147,10.4,2.,4.
1148,10.49461,1.127332,4.
1149,10.49461,2.872668,4.
1150,10.5,0.,4.
1151,10.5,4.,4.
1152,10.50178,0.546711,4.
1153,10.50178,3.453289,4.
1154,10.67397,1.596265,4.
1155,10.67397,2.403735,4.
1156,10.8,2.,4.
1157,11.,0.,4.
1158,11.,4.,4.
1159,11.01248,0.5285,4.
1160,11.01248,3.4715,4.
1161,11.03824,1.054059,4.
1162,11.03824,2.945941,4.
1163,11.1184,1.541665,4.
1164,11.1184,2.458335,4.
1165,11.2,2.,4.
1166,11.5,0.,4.
1167,11.5,4.,4.
1168,11.50998,0.512084,4.
1169,11.50998,3.487916,4.
1170,11.5274,1.020598,4.
1171,11.5274,2.979402,4.
1172,11.56146,1.515394,4.
1173,11.56146,2.484606,4.
1174,11.6,2.,4.
1175,12.,0.,4.
1176,12.,0.5,4.
1177,12.,1.,4.
1178,12.,1.5,4.
1179,12.,2.,4.
1180,12.,2.5,4.
1181,12.,3.,4.
1182,12.,3.5,4.
1183,12.,4.,4.
1184,12.4,2.,4.
1185,12.43854,1.515394,4.
1186,12.43854,2.484606,4.
1187,12.4726,1.020598,4.
1188,12.4726,2.979402,4.
1189,12.49002,0.512084,4.
1190,12.49002,3.487916,4.
1191,12.5,0.,4.
1192,12.5,4.,4.
1193,12.8,2.,4.
1194,12.8816,1.541665,4.
1195,12.8816,2.458335,4.
1196,12.96176,1.054059,4.
1197,12.96176,2.945941,4.
1198,12.98752,0.5285,4.
1199,12.98752,3.4715,4.
1200,13.,0.,4.
1201,13.,4.,4.
1202,13.2,2.,4.
1203,13.32603,1.596265,4.
1204,13.32603,2.403735,4.
1205,13.49822,0.546711,4.
1206,13.49822,3.453289,4.
1207,13.5,0.,4.
1208,13.5,4.,4.
1209,13.50539,1.127332,4.
1210,13.50539,2.872668,4.
1211,13.6,2.,4.
1212,13.71716,1.717157,4.
1213,13.71716,2.282843,4.
1214,13.74084,1.401033,4.
1215,13.74084,2.598967,4.
1216,14.,0.,4.
1217,14.,0.53281,4.
1218,14.,1.036181,4.
1219,14.,1.359974,4.
1220,14.,1.6,4.
1221,14.,1.811438,4.
1222,14.,2.,4.
1223,14.,2.188562,4.
1224,14.,2.4,4.
1225,14.,2.640026,4.
1226,14.,2.963819,4.
1227,14.,3.46719,4.
1228,14.,4.,4.
1229,14.25916,1.401033,4.
1230,14.25916,2.598967,4.
1231,14.28284,1.717157,4.
1232,14.28284,2.282843,4.
1233,14.4,2.,4.
1234,14.49461,1.127332,4.
1235,14.49461,2.872668,4.
1236,14.5,0.,4.
1237,14.5,4.,4.
1238,14.50178,0.546711,4.
1239,14.50178,3.453289,4.
1240,14.67397,1.596265,4.
1241,14.67397,2.403735,4.
1242,14.8,2.,4.
1243,15.,0.,4.
1244,15.,4.,4.
1245,15.01248,0.5285,4.
1246,15.01248,3.4715,4.
1247,15.03824,1.054059,4.
1248,15.03824,2.945941,4.
1249,15.1184,1.541665,4.
1250,15.1184,2.458335,4.
1251,15.2,2.,4.
1252,15.5,0.,4.
1253,15.5,4.,4.
1254,15.50998,0.512084,4.
1255,15.50998,3.487916,4.
1256,15.5274,1.020598,4.
1257,15.5274,2.979402,4.
1258,15.56146,1.515394,4.
1259,15.56146,2.484606,4.
1260,15.6,2.,4.
1261,16.,0.,4.
1262,16.,0.5,4.
1263,16.,1.,4.
1264,16.,1.5,4.
1265,16.,2.,4.
1266,16.,2.5,4.
1267,16.,3.,4.
1268,16.,3.5,4.
1269,16.,4.,4.
1270,16.4,2.,4.
1271,16.43854,1.515394,4.
1272,16.43854,2.484606,4.
1273,16.4726,1.020598,4.
1274,16.4726,2.979402,4.
1275,16.49002,0.512084,4.
1276,16.49002,3.487916,4.
1277,16.5,0.,4.
1278,16.5,4.,4.
1279,16.8,2.,4.
1280,16.8816,1.541665,4.
1281,16.8816,2.458335,4.
1282,16.96176,1.054059,4.
1283,16.96176,2.945941,4.
1284,16.98752,0.5285,4.
1285,16.98752,3.4715,4.
1286,17.,0.,4.
1287,17.,4.,4.
1288,17.2,2.,4.
1289,17.32603,1.596265,4.
1290,17.32603,2.403735,4.
1291,17.49822,0.546711,4.
1292,17.49822,3.453289,4.
1293,17.5,0.,4.
1294,17.5,4.,4.
1295,17.50539,1.127332,4.
1296,17.50539,2.872668,4.
1297,17.6,2.,4.
1298,17.71716,1.717157,4.
1299,17.71716,2.282843,4.
1300,17.74084,1.401033,4.
1301,17.74084,2.598967,4.
1302,18.,0.,4.
1303,18.,0.53281,4.
1304,18.,1.036181,4.
1305,18.,1.359974,4.
1306,18.,1.6,4.
1307,18.,1.811438,4.
1308,18.,2.,4.
1309,18.,2.188562,4.
1310,18.,2.4,4.
1311,18.,2.640026,4.
1312,18.,2.963819,4.
1313,18.,3.46719,4.
1314,18.,4.,4.
1315,18.25916,1.401033,4.
1316,18.25916,2.598967,4.
1317,18.28284,1.717157,4.
1318,18.28284,2.282843,4.
1319,18.4,2.,4.
1320,18.49461,1.127332,4.
1321,18.49461,2.872668,4.
1322,18.5,0.,4.
1323,18.5,4.,4.
1324,18.50178,0.546711,4.
1325,18.50178,3.453289,4.
1326,18.67397,1.596265,4.
1327,18.67397,2.403735,4.
1328,18.8,2.,4.
1329,19.,0.,4.
1330,19.,4.,4.
1331,19.01248,0.5285,4.
1332,19.01248,3.4715,4.
1333,19.03824,1.054059,4.
1334,19.03824,2.945941,4.
1335,19.1184,1.541665,4.
1336,19.1184,2.458335,4.
1337,19.2,2.,4.
1338,19.5,0.,4.
1339,19.5,4.,4.
1340,19.50998,0.512084,4.
1341,19.50998,3.487916,4.
1342,19.5274,1.020598,4.
1343,19.5274,2.979402,4.
1344,19.56146,1.515394,4.
1345,19.56146,2.484606,4.
1346,19.6,2.,4.
1347,20.,0.,4.
1348,20.,0.5,4.
1349,20.,1.,4.
1350,20.,1.5,4.
1351,20.,2.,4.
1352,20.,2.5,4.
1353,20.,3.,4.
1354,20.,3.5,4.
1355,20.,4.,4.
1356,20.4,2.,4.
1357,20.43854,1.515394,4.
1358,20.43854,2.484606,4.
1359,20.4726,1.020598,4.
1360,20.4726,2.979402,4.
1361,20.49002,0.512084,4.
1362,20.49002,3.487916,4.
1363,20.5,0.,4.
1364,20.5,4.,4.
1365,20.8,2.,4.
1366,20.8816,1.541665,4.
1367,20.8816,2.458335,4.
1368,20.96176,1.054059,4.
1369,20.96176,2.945941,4.
1370,20.98752,0.5285,4.
1371,20.98752,3.4715,4.
1372,21.,0.,4.
1373,21.,4.,4.
1374,21.2,2.,4.
1375,21.32603,1.596265,4.
1376,21.32603,2.403735,4.
1377,21.49822,0.546711,4.
1378,21.49822,3.453289,4.
1379,21.5,0.,4.
1380,21.5,4.,4.
1381,21.50539,1.127332,4.
1382,21.50539,2.872668,4.
1383,21.6,2.,4.
1384,21.71716,1.717157,4.
1385,21.71716,2.282843,4.
1386,21.74084,1.401033,4.
1387,21.74084,2.598967,4.
1388,22.,0.,4.
1389,22.,0.53281,4.
1390,22.,1.036181,4.
1391,22.,1.359974,4.
1392,22.,1.6,4.
1393,22.,1.811438,4.
1394,22.,2.,4.
1395,22.,2.188562,4.
1396,22.,2.4,4.
1397,22.,2.640026,4.
1398,22.,2.963819,4.
1399,22.,3.46719,4.
1400,22.,4.,4.
1401,22.25916,1.401033,4.
1402,22.25916,2.598967,4.
1403,22.28284,1.717157,4.
1404,22.28284,2.282843,4.
1405,22.4,2.,4.
1406,22.49461,1.127332,4.
1407,22.49461,2.872668,4.
1408,22.5,0.,4.
1409,22.5,4.,4.
1410,22.50178,0.546711,4.
1411,22.50178,3.453289,4.
1412,22.67397,1.596265,4.
1413,22.67397,2.403735,4.
1414,22.8,2.,4.
1415,23.,0.,4.
1416,23.,4.,4.
1417,23.01248,0.5285,4.
1418,23.01248,3.4715,4.
1419,23.03824,1.054059,4.
1420,23.03824,2.945941,4.
1421,23.1184,1.541665,4.
1422,23.1184,2.458335,4.
1423,23.2,2.,4.
1424,23.5,0.,4.
1425,23.5,4.,4.
1426,23.50998,0.512084,4.
1427,23.50998,3.487916,4.
1428,23.5274,1.020598,4.
1429,23.5274,2.979402,4.
1430,23.56146,1.515394,4.
1431,23.56146,2.484606,4.
1432,23.6,2.,4.
1433,24.,0.,4.
1434,24.,0.5,4.
1435,24.,1.,4.
1436,24.,1.5,4.
1437,24.,2.,4.
1438,24.,2.5,4.
1439,24.,3.,4.
1440,24.,3.5,4.
1441,24.,4.,4.
1442,24.4,2.,4.
1443,24.43854,1.515394,4.
1444,24.43854,2.484606,4.
1445,24.4726,1.020598,4.
1446,24.4726,2.979402,4.
1447,24.49002,0.512084,4.
1448,24.49002,3.487916,4.
1449,24.5,0.,4.
1450,24.5,4.,4.
1451,24.8,2.,4.
1452,24.8816,1.541665,4.
1453,24.8816,2.458335,4.
1454,24.96176,1.054059,4.
1455,24.96176,2.945941,4.
1456,24.98752,0.5285,4.
1457,24.98752,3.4715,4.
1458,25.,0.,4.
1459,25.,4.,4.
1460,25.2,2.,4.
1461,25.32603,1.596265,4.
1462,25.32603,2.403735,4.
1463,25.49822,0.546711,4.
1464,25.49822,3.453289,4.
1465,25.5,0.,4.
1466,25.5,4.,4.
1467,25.50539,1.127332,4.
1468,25.50539,2.872668,4.
1469,25.6,2.,4.
1470,25.71716,1.717157,4.
1471,25.71716,2.282843,4.
1472,25.74084,1.401033,4.
1473,25.74084,2.598967,4.
1474,26.,0.,4.
1475,26.,0.53281,4.
1476,26.,1.036181,4.
1477,26.,1.359974,4.
1478,26.,1.6,4.
1479,26.,1.811438,4.
1480,26.,2.,4.
1481,26.,2.188562,4.
1482,26.,2.4,4.
1483,26.,2.640026,4.
1484,26.,2.963819,4.
1485,26.,3.46719,4.
1486,26.,4.,4.
1487,26.25916,1.401033,4.
1488,26.25916,2.598967,4.
1489,26.28284,1.717157,4.
1490,26.28284,2.282843,4.
1491,26.4,2.,4.
1492,26.49461,1.127332,4.
1493,26.49461,2.872668,4.
1494,26.5,0.,4.
1495,26.5,4.,4.
1496,26.50178,0.546711,4.
1497,26.50178,3.453289,4.
1498,26.67397,1.596265,4.
1499,26.67397,2.403735,4.
1500,26.8,2.,4.
1501,27.,0.,4.
1502,27.,4.,4.
1503,27.01248,0.5285,4.
1504,27.01248,3.4715,4.
1505,27.03824,1.054059,4.
1506,27.03824,2.945941,4.
1507,27.1184,1.541665,4.
1508,27.1184,2.458335,4.
1509,27.2,2.,4.
1510,27.5,0.,4.
1511,27.5,4.,4.
1512,27.50998,0.512084,4.
1513,27.50998,3.487916,4.
1514,27.5274,1.020598,4.
1515,27.5274,2.979402,4.
1516,27.56146,1.515394,4.
1517,27.56146,2.484606,4.
1518,27.6,2.,4.
1519,28.,0.,4.
1520,28.,0.5,4.
1521,28.,1.,4.
1522,28.,1.5,4.
1523,28.,2.,4.
1524,28.,2.5,4.
1525,28.,3.,4.
1526,28.,3.5,4.
1527,28.,4.,4.
1528,28.4,2.,4.
1529,28.43854,1.515394,4.
1530,28.43854,2.484606,4.
1531,28.4726,1.020598,4.
1532,28.4726,2.979402,4.
1533,28.49002,0.512084,4.
1534,28.49002,3.487916,4.
1535,28.5,0.,4.
1536,28.5,4.,4.
1537,28.8,2.,4.
1538,28.8816,1.541665,4.
1539,28.8816,2.458335,4.
1540,28.96176,1.054059,4.
1541,28.96176,2.945941,4.
1542,28.98752,0.5285,4.
1543,28.98752,3.4715,4.
1544,29.,0.,4.
1545,29.,4.,4.
1546,29.2,2.,4.
1547,29.32603,1.596265,4.
1548,29.32603,2.403735,4.
1549,29.49822,0.546711,4.
1550,29.49822,3.453289,4.
1551,29.5,0.,4.
1552,29.5,4.,4.
1553,29.50539,1.127332,4.
1554,29.50539,2.872668,4.
1555,29.6,2.,4.
1556,29.71716,1.717157,4.
1557,29.71716,2.282843,4.
1558,29.74084,1.401033,4.
1559,29.74084,2.598967,4.
1560,30.,0.,4.
1561,30.,0.53281,4.
1562,30.,1.036181,4.
1563,30.,1.359974,4.
1564,30.,1.6,4.
1565,30.,1.811438,4.
1566,30.,2.,4.
1567,30.,2.188562,4.
1568,30.,2.4,4.
1569,30.,2.640026,4.
1570,30.,2.963819,4.
1571,30.,3.46719,4.
1572,30.,4.,4.
1573,30.25916,1.401033,4.
1574,30.25916,2.598967,4.
1575,30.28284,1.717157,4.
1576,30.28284,2.282843,4.
1577,30.4,2.,4.
1578,30.49461,1.127332,4.
1579,30.49461,2.872668,4.
1580,30.5,0.,4.
1581,30.5,4.,4.
1582,30.50178,0.546711,4.
1583,30.50178,3.453289,4.
1584,30.67397,1.596265,4.
1585,30.67397,2.403735,4.
1586,30.8,2.,4.
1587,31.,0.,4.
1588,31.,4.,4.
1589,31.01248,0.5285,4.
1590,31.01248,3.4715,4.
1591,31.03824,1.054059,4.
1592,31.03824,2.945941,4.
1593,31.1184,1.541665,4.
1594,31.1184,2.458335,4.
1595,31.2,2.,4.
1596,31.5,0.,4.
1597,31.5,4.,4.
1598,31.50998,0.512084,4.
1599,31.50998,3.487916,4.
1600,31.5274,1.020598,4.
1601,31.5274,2.979402,4.
1602,31.56146,1.515394,4.
1603,31.56146,2.484606,4.
1604,31.6,2.,4.
1605,32.,0.,4.
1606,32.,0.5,4.
1607,32.,1.,4.
1608,32.,1.5,4.
1609,32.,2.,4.
1610,32.,2.5,4.
1611,32.,3.,4.
1612,32.,3.5,4.
1613,32.,4.,4.
1614,32.5,0.,4.
1615,32.5,0.5,4.
1616,32.5,1.,4.
1617,32.5,1.5,4.
1618,32.5,2.,4.
1619,32.5,2.5,4.
1620,32.5,3.,4.
1621,32.5,3.5,4.
1622,32.5,4.,4.
1623,33.,0.,4.
1624,33.,0.5,4.
1625,33.,1.,4.
1626,33.,1.5,4.
1627,33.,2.,4.
1628,33.,2.5,4.
1629,33.,3.,4.
1630,33.,3.5,4.
1631,33.,4.,4.
1632,33.5,0.,4.
1633,33.5,0.5,4.
1634,33.5,1.,4.
1635,33.5,1.5,4.
1636,33.5,2.,4.
1637,33.5,2.5,4.
1638,33.5,3.,4.
1639,33.5,3.5,4.
1640,33.5,4.,4.
1641,34.,0.,4.
1642,34.,0.5,4.
1643,34.,1.,4.
1644,34.,1.5,4.
1645,34.,2.,4.
1646,34.,2.5,4.
1647,34.,3.,4.
1648,34.,3.5,4.
1649,34.,4.,4.
1650,-2.,0.,4.4
1651,-2.,0.5,4.4
1652,-2.,1.,4.4
1653,-2.,1.5,4.4
1654,-2.,2.,4.4
1655,-2.,2.5,4.4
1656,-2.,3.,4.4
1657,-2.,3.5,4.4
1658,-2.,4.,4.4
1659,-1.5,0.,4.4
1660,-1.5,0.5,4.4
1661,-1.5,1.,4.4
1662,-1.5,1.5,4.4
1663,-1.5,2.,4.4
1664,-1.5,2.5,4.4
1665,-1.5,3.,4.4
1666,-1.5,3.5,4.4
1667,-1.5,4.,4.4
1668,-1.,0.,4.4
1669,-1.,0.5,4.4
1670,-1.,1.,4.4
1671,-1.,1.5,4.4
1672,-1.,2.,4.4
1673,-1.,2.5,4.4
1674,-1.,3.,4.4
1675,-1.,3.5,4.4
1676,-1.,4.,4.4
1677,-0.5,0.,4.4
1678,-0.5,0.5,4.4
1679,-0.5,1.,4.4
1680,-0.5,1.5,4.4
1681,-0.5,2.,4.4
1682,-0.5,2.5,4.4
1683,-0.5,3.,4.4
1684,-0.5,3.5,4.4
1685,-0.5,4.,4.4
1686,0.,0.,4.4
1687,0.,0.5,4.4
1688,0.,1.,4.4
1689,0.,1.5,4.4
1690,0.,2.,4.4
1691,0.,2.5,4.4
1692,0.,3.,4.4
1693,0.,3.5,4.4
1694,0.,4.,4.4
1695,0.4,2.,4.4
1696,0.438544,1.515394,4.4
1697,0.438544,2.484606,4.4
1698,0.472599,1.020598,4.4
1699,0.472599,2.979402,4.4
1700,0.490023,0.512084,4.4
1701,0.490023,3.487916,4.4
1702,0.5,0.,4.4
1703,0.5,4.,4.4
1704,0.8,2.,4.4
1705,0.8816,1.541665,4.4
1706,0.8816,2.458335,4.4
1707,0.961765,1.054059,4.4
1708,0.961765,2.945941,4.4
1709,0.987518,0.5285,4.4
1710,0.987518,3.4715,4.4
1711,1.,0.,4.4
1712,1.,4.,4.4
1713,1.2,2.,4.4
1714,1.326031,1.596265,4.4
1715,1.326031,2.403735,4.4
1716,1.498221,0.546711,4.4
1717,1.498221,3.453289,4.4
1718,1.5,0.,4.4
1719,1.5,4.,4.4
1720,1.505386,1.127332,4.4
1721,1.505386,2.872668,4.4
1722,1.6,2.,4.4
1723,1.717157,1.717157,4.4
1724,1.717157,2.282843,4.4
1725,1.740844,1.401033,4.4
1726,1.740844,2.598967,4.4
1727,2.,0.,4.4
1728,2.,0.53281,4.4
1729,2.,1.036181,4.4
1730,2.,1.359974,4.4
1731,2.,1.6,4.4
1732,2.,1.811438,4.4
1733,2.,2.,4.4
1734,2.,2.188562,4.4
1735,2.,2.4,4.4
1736,2.,2.640026,4.4
1737,2.,2.963819,4.4
1738,2.,3.46719,4.4
1739,2.,4.,4.4
1740,2.259156,1.401033,4.4
1741,2.259156,2.598967,4.4
1742,2.282843,1.717157,4.4
1743,2.282843,2.282843,4.4
1744,2.4,2.,4.4
1745,2.494614,1.127332,4.4
1746,2.494614,2.872668,4.4
1747,2.5,0.,4.4
1748,2.5,4.,4.4
1749,2.501779,0.546711,4.4
1750,2.501779,3.453289,4.4
1751,2.673969,1.596265,4.4
1752,2.673969,2.403735,4.4
1753,2.8,2.,4.4
1754,3.,0.,4.4
1755,3.,4.,4.4
1756,3.012482,0.5285,4.4
1757,3.012482,3.4715,4.4
1758,3.038235,1.054059,4.4
1759,3.038235,2.945941,4.4
1760,3.1184,1.541665,4.4
1761,3.1184,2.458335,4.4
1762,3.2,2.,4.4
1763,3.5,0.,4.4
1764,3.5,4.,4.4
1765,3.509977,0.512084,4.4
1766,3.509977,3.487916,4.4
1767,3.527401,1.020598,4.4
1768,3.527401,2.979402,4.4
1769,3.561456,1.515394,4.4
1770,3.561456,2.484606,4.4
1771,3.6,2.,4.4
1772,4.,0.,4.4
1773,4.,0.5,4.4
1774,4.,1.,4.4
1775,4.,1.5,4.4
1776,4.,2.,4.4
1777,4.,2.5,4.4
1778,4.,3.,4.4
1779,4.,3.5,4.4
1780,4.,4.,4.4
1781,4.4,2.,4.4
1782,4.438544,1.515394,4.4
1783,4.438544,2.484606,4.4
1784,4.472599,1.020598,4.4
1785,4.472599,2.979402,4.4
1786,4.490023,0.512084,4.4
1787,4.490023,3.487916,4.4
1788,4.5,0.,4.4
1789,4.5,4.,4.4
1790,4.8,2.,4.4
1791,4.8816,1.541665,4.4
1792,4.8816,2.458335,4.4
1793,4.961765,1.054059,4.4
1794,4.961765,2.945941,4.4
1795,4.987518,0.5285,4.4
1796,4.987518,3.4715,4.4
1797,5.,0.,4.4
1798,5.,4.,4.4
1799,5.2,2.,4.4
1800,5.326031,1.596265,4.4
1801,5.326031,2.403735,4.4
1802,5.498221,0.546711,4.4
1803,5.498221,3.453289,4.4
1804,5.5,0.,4.4
1805,5.5,4.,4.4
1806,5.505386,1.127332,4.4
1807,5.505386,2.872668,4.4
1808,5.6,2.,4.4
1809,5.717157,1.717157,4.4
1810,5.717157,2.282843,4.4
1811,5.740844,1.401033,4.4
1812,5.740844,2.598967,4.4
1813,6.,0.,4.4
1814,6.,0.53281,4.4
1815,6.,1.036181,4.4
1816,6.,1.359974,4.4
1817,6.,1.6,4.4
1818,6.,1.811438,4.4
1819,6.,2.,4.4
1820,6.,2.188562,4.4
1821,6.,2.4,4.4
1822,6.,2.640026,4.4
1823,6.,2.963819,4.4
1824,6.,3.46719,4.4
1825,6.,4.,4.4
1826,6.259156,1.401033,4.4
1827,6.259156,2.598967,4.4
1828,6.282843,1.717157,4.4
1829,6.282843,2.282843,4.4
1830,6.4,2.,4.4
1831,6.494614,1.127332,4.4
1832,6.494614,2.872668,4.4
1833,6.5,0.,4.4
1834,6.5,4.,4.4
1835,6.501779,0.546711,4.4
1836,6.501779,3.453289,4.4
1837,6.673969,1.596265,4.4
1838,6.673969,2.403735,4.4
1839,6.8,2.,4.4
1840,7.,0.,4.4
1841,7.,4.,4.4
1842,7.012482,0.5285,4.4
1843,7.012482,3.4715,4.4
1844,7.038235,1.054059,4.4
1845,7.038235,2.945941,4.4
1846,7.1184,1.541665,4.4
1847,7.1184,2.458335,4.4
1848,7.2,2.,4.4
1849,7.5,0.,4.4
1850,7.5,4.,4.4
1851,7.509977,0.512084,4.4
1852,7.509977,3.487916,4.4
1853,7.527401,1.020598,4.4
1854,7.527401,2.979402,4.4
1855,7.561456,1.515394,4.4
1856,7.561456,2.484606,4.4
1857,7.6,2.,4.4
1858,8.,0.,4.4
1859,8.,0.5,4.4
1860,8.,1.,4.4
1861,8.,1.5,4.4
1862,8.,2.,4.4
1863,8.,2.5,4.4
1864,8.,3.,4.4
1865,8.,3.5,4.4
1866,8.,4.,4.4
1867,8.4,2.,4.4
1868,8.438544,1.515394,4.4
1869,8.438544,2.484606,4.4
1870,8.472599,1.020598,4.4
1871,8.472599,2.979402,4.4
1872,8.490023,0.512084,4.4
1873,8.490023,3.487916,4.4
1874,8.5,0.,4.4
1875,8.5,4.,4.4
1876,8.8,2.,4.4
1877,8.8816,1.541665,4.4
1878,8.8816,2.458335,4.4
1879,8.961765,1.054059,4.4
1880,8.961765,2.945941,4.4
1881,8.987518,0.5285,4.4
1882,8.987518,3.4715,4.4
1883,9.,0.,4.4
1884,9.,4.,4.4
1885,9.2,2.,4.4
1886,9.326031,1.596265,4.4
1887,9.326031,2.403735,4.4
1888,9.498221,0.546711,4.4
1889,9.498221,3.453289,4.4
1890,9.5,0.,4.4
1891,9.5,4.,4.4
1892,9.505386,1.127332,4.4
1893,9.505386,2.872668,4.4
1894,9.6,2.,4.4
1895,9.717157,1.717157,4.4
1896,9.717157,2.282843,4.4
1897,9.740844,1.401033,4.4
1898,9.740844,2.598967,4.4
1899,10.,0.,4.4
1900,10.,0.53281,4.4
1901,10.,1.036181,4.4
1902,10.,1.359974,4.4
1903,10.,1.6,4.4
1904,10.,1.811438,4.4
1905,10.,2.,4.4
1906,10.,2.188562,4.4
1907,10.,2.4,4.4
1908,10.,2.640026,4.4
1909,10.,2.963819,4.4
1910,10.,3.46719,4.4
1911,10.,4.,4.4
1912,10.25916,1.401033,4.4
1913,10.25916,2.598967,4.4
1914,10.28284,1.717157,4.4
1915,10.28284,2.282843,4.4
1916,10.4,2.,4.4
1917,10.49461,1.127332,4.4
1918,10.49461,2.872668,4.4
1919,10.5,0.,4.4
1920,10.5,4.,4.4
1921,10.50178,0.546711,4.4
1922,10.50178,3.453289,4.4
1923,10.67397,1.596265,4.4
1924,10.67397,2.403735,4.4
1925,10.8,2.,4.4
1926,11.,0.,4.4
1927,11.,4.,4.4
1928,11.01248,0.5285,4.4
1929,11.01248,3.4715,4.4
1930,11.03824,1.054059,4.4
1931,11.03824,2.945941,4.4
1932,11.1184,1.541665,4.4
1933,11.1184,2.458335,4.4
1934,11.2,2.,4.4
1935,11.5,0.,4.4
1936,11.5,4.,4.4
1937,11.50998,0.512084,4.4
1938,11.50998,3.487916,4.4
1939,11.5274,1.020598,4.4
1940,11.5274,2.979402,4.4
1941,11.56146,1.515394,4.4
1942,11.56146,2.484606,4.4
1943,11.6,2.,4.4
1944,12.,0.,4.4
1945,12.,0.5,4.4
1946,12.,1.,4.4
1947,12.,1.5,4.4
1948,12.,2.,4.4
1949,12.,2.5,4.4
1950,12.,3.,4.4
1951,12.,3.5,4.4
1952,12.,4.,4.4
1953,12.4,2.,4.4
1954,12.43854,1.515394,4.4
1955,12.43854,2.484606,4.4
1956,12.4726,1.020598,4.4
1957,12.4726,2.979402,4.4
1958,12.49002,0.512084,4.4
1959,12.49002,3.487916,4.4
1960,12.5,0.,4.4
1961,12.5,4.,4.4
1962,12.8,2.,4.4
1963,12.8816,1.541665,4.4
1964,12.8816,2.458335,4.4
1965,12.96176,1.054059,4.4
1966,12.96176,2.945941,4.4
1967,12.98752,0.5285,4.4
1968,12.98752,3.4715,4.4
1969,13.,0.,4.4
1970,13.,4.,4.4
1971,13.2,2.,4.4
1972,13.32603,1.596265,4.4
1973,13.32603,2.403735,4.4
1974,13.49822,0.546711,4.4
1975,13.49822,3.453289,4.4
1976,13.5,0.,4.4
1977,13.5,4.,4.4
1978,13.50539,1.127332,4.4
1979,13.50539,2.872668,4.4
1980,13.6,2.,4.4
1981,13.71716,1.717157,4.4
1982,13.71716,2.282843,4.4
1983,13.74084,1.401033,4.4
1984,13.74084,2.598967,4.4
1985,14.,0.,4.4
1986,14.,0.53281,4.4
1987,14.,1.036181,4.4
1988,14.,1.359974,4.4
1989,14.,1.6,4.4
1990,14.,1.811438,4.4
1991,14.,2.,4.4
1992,14.,2.188562,4.4
1993,14.,2.4,4.4
1994,14.,2.640026,4.4
1995,14.,2.963819,4.4
1996,14.,3.46719,4.4
1997,14.,4.,4.4
1998,14.25916,1.401033,4.4
1999,14.25916,2.598967,4.4
2000,14.28284,1.717157,4.4
2001,14.28284,2.282843,4.4
2002,14.4,2.,4.4
2003,14.49461,1.127332,4.4
2004,14.49461,2.872668,4.4
2005,14.5,0.,4.4
2006,14.5,4.,4.4
2007,14.50178,0.546711,4.4
2008,14.50178,3.453289,4.4
2009,14.67397,1.596265,4.4
2010,14.67397,2.403735,4.4
2011,14.8,2.,4.4
2012,15.,0.,4.4
2013,15.,4.,4.4
2014,15.01248,0.5285,4.4
2015,15.01248,3.4715,4.4
2016,15.03824,1.054059,4.4
2017,15.03824,2.945941,4.4
2018,15.1184,1.541665,4.4
2019,15.1184,2.458335,4.4
2020,15.2,2.,4.4
2021,15.5,0.,4.4
2022,15.5,4.,4.4
2023,15.50998,0.512084,4.4
2024,15.50998,3.487916,4.4
2025,15.5274,1.020598,4.4
2026,15.5274,2.979402,4.4
2027,15.56146,1.515394,4.4
2028,15.56146,2.484606,4.4
2029,15.6,2.,4.4
2030,16.,0.,4.4
2031,16.,0.5,4.4
2032,16.,1.,4.4
2033,16.,1.5,4.4
2034,16.,2.,4.4
2035,16.,2.5,4.4
2036,16.,3.,4.4
2037,16.,3.5,4.4
2038,16.,4.,4.4
2039,16.4,2.,4.4
2040,16.43854,1.515394,4.4
2041,16.43854,2.484606,4.4
2042,16.4726,1.020598,4.4
2043,16.4726,2.979402,4.4
2044,16.49002,0.512084,4.4
2045,16.49002,3.487916,4.4
2046,16.5,0.,4.4
2047,16.5,4.,4.4
2048,16.8,2.,4.4
2049,16.8816,1.541665,4.4
2050,16.8816,2.458335,4.4
2051,16.96176,1.054059,4.4
2052,16.96176,2.945941,4.4
2053,16.98752,0.5285,4.4
2054,16.98752,3.4715,4.4
2055,17.,0.,4.4
2056,17.,4.,4.4
2057,17.2,2.,4.4
2058,17.32603,1.596265,4.4
2059,17.32603,2.403735,4.4
2060,17.49822,0.546711,4.4
2061,17.49822,3.453289,4.4
2062,17.5,0.,4.4
2063,17.5,4.,4.4
2064,17.50539,1.127332,4.4
2065,17.50539,2.872668,4.4
2066,17.6,2.,4.4
2067,17.71716,1.717157,4.4
2068,17.71716,2.282843,4.4
2069,17.74084,1.401033,4.4
2070,17.74084,2.598967,4.4
2071,18.,0.,4.4
2072,18.,0.53281,4.4
2073,18.,1.036181,4.4
2074,18.,1.359974,4.4
2075,18.,1.6,4.4
2076,18.,1.811438,4.4
2077,18.,2.,4.4
2078,18.,2.188562,4.4
2079,18.,2.4,4.4
2080,18.,2.640026,4.4
2081,18.,2.963819,4.4
2082,18.,3.46719,4.4
2083,18.,4.,4.4
2084,18.25916,1.401033,4.4
2085,18.25916,2.598967,4.4
2086,18.28284,1.717157,4.4
2087,18.28284,2.282843,4.4
2088,18.4,2.,4.4
2089,18.49461,1.127332,4.4
2090,18.49461,2.872668,4.4
2091,18.5,0.,4.4
2092,18.5,4.,4.4
2093,18.50178,0.546711,4.4
2094,18.50178,3.453289,4.4
2095,18.67397,1.596265,4.4
2096,18.67397,2.403735,4.4
2097,18.8,2.,4.4
2098,19.,0.,4.4
2099,19.,4.,4.4
2100,19.01248,0.5285,4.4
2101,19.01248,3.4715,4.4
2102,19.03824,1.054059,4.4
2103,19.03824,2.945941,4.4
2104,19.1184,1.541665,4.4
2105,19.1184,2.458335,4.4
2106,19.2,2.,4.4
2107,19.5,0.,4.4
2108,19.5,4.,4.4
2109,19.50998,0.512084,4.4
2110,19.50998,3.487916,4.4
2111,19.5274,1.020598,4.4
2112,19.5274,2.979402,4.4
2113,19.56146,1.515394,4.4
2114,19.56146,2.484606,4.4
2115,19.6,2.,4.4
2116,20.,0.,4.4
2117,20.,0.5,4.4
2118,20.,1.,4.4
2119,20.,1.5,4.4
2120,20.,2.,4.4
2121,20.,2.5,4.4
2122,20.,3.,4.4
2123,20.,3.5,4.4
2124,20.,4.,4.4
2125,20.4,2.,4.4
2126,20.43854,1.515394,4.4
2127,20.43854,2.484606,4.4
2128,20.4726,1.020598,4.4
2129,20.4726,2.979402,4.4
2130,20.49002,0.512084,4.4
2131,20.49002,3.487916,4.4
2132,20.5,0.,4.4
2133,20.5,4.,4.4
2134,20.8,2.,4.4
2135,20.8816,1.541665,4.4
2136,20.8816,2.458335,4.4
2137,20.96176,1.054059,4.4
2138,20.96176,2.945941,4.4
2139,20.98752,0.5285,4.4
2140,20.98752,3.4715,4.4
2141,21.,0.,4.4
2142,21.,4.,4.4
2143,21.2,2.,4.4
2144,21.32603,1.596265,4.4
2145,21.32603,2.403735,4.4
2146,21.49822,0.546711,4.4
2147,21.49822,3.453289,4.4
2148,21.5,0.,4.4
2149,21.5,4.,4.4
2150,21.50539,1.127332,4.4
2151,21.50539,2.872668,4.4
2152,21.6,2.,4.4
2153,21.71716,1.717157,4.4
2154,21.71716,2.282843,4.4
2155,21.74084,1.401033,4.4
2156,21.74084,2.598967,4.4
2157,22.,0.,4.4
2158,22.,0.53281,4.4
2159,22.,1.036181,4.4
2160,22.,1.359974,4.4
2161,22.,1.6,4.4
2162,22.,1.811438,4.4
2163,22.,2.,4.4
2164,22.,2.188562,4.4
2165,22.,2.4,4.4
2166,22.,2.640026,4.4
2167,22.,2.963819,4.4
2168,22.,3.46719,4.4
2169,22.,4.,4.4
2170,22.25916,1.401033,4.4
2171,22.25916,2.598967,4.4
2172,22.28284,1.717157,4.4
2173,22.28284,2.282843,4.4
2174,22.4,2.,4.4
2175,22.49461,1.127332,4.4
2176,22.49461,2.872668,4.4
2177,22.5,0.,4.4
2178,22.5,4.,4.4
2179,22.50178,0.546711,4.4
2180,22.50178,3.453289,4.4
2181,22.67397,1.596265,4.4
2182,22.67397,2.403735,4.4
2183,22.8,2.,4.4
2184,23.,0.,4.4
2185,23.,4.,4.4
2186,23.01248,0.5285,4.4
2187,23.01248,3.4715,4.4
2188,23.03824,1.054059,4.4
2189,23.03824,2.945941,4.4
2190,23.1184,1.541665,4.4
2191,23.1184,2.458335,4.4
2192,23.2,2.,4.4
2193,23.5,0.,4.4
2194,23.5,4.,4.4
2195,23.50998,0.512084,4.4
2196,23.50998,3.487916,4.4
2197,23.5274,1.020598,4.4
2198,23.5274,2.979402,4.4
2199,23.56146,1.515394,4.4
2200,23.56146,2.484606,4.4
2201,23.6,2.,4.4
2202,24.,0.,4.4
2203,24.,0.5,4.4
2204,24.,1.,4.4
2205,24.,1.5,4.4
2206,24.,2.,4.4
2207,24.,2.5,4.4
2208,24.,3.,4.4
2209,24.,3.5,4.4
2210,24.,4.,4.4
2211,24.4,2.,4.4
2212,24.43854,1.515394,4.4
2213,24.43854,2.484606,4.4
2214,24.4726,1.020598,4.4
2215,24.4726,2.979402,4.4
2216,24.49002,0.512084,4.4
2217,24.49002,3.487916,4.4
2218,24.5,0.,4.4
2219,24.5,4.,4.4
2220,24.8,2.,4.4
2221,24.8816,1.541665,4.4
2222,24.8816,2.458335,4.4
2223,24.96176,1.054059,4.4
2224,24.96176,2.945941,4.4
2225,24.98752,0.5285,4.4
2226,24.98752,3.4715,4.4
2227,25.,0.,4.4
2228,25.,4.,4.4
2229,25.2,2.,4.4
2230,25.32603,1.596265,4.4
2231,25.32603,2.403735,4.4
2232,25.49822,0.546711,4.4
2233,25.49822,3.453289,4.4
2234,25.5,0.,4.4
2235,25.5,4.,4.4
2236,25.50539,1.127332,4.4
2237,25.50539,2.872668,4.4
2238,25.6,2.,4.4
2239,25.71716,1.717157,4.4
2240,25.71716,2.282843,4.4
2241,25.74084,1.401033,4.4
2242,25.74084,2.598967,4.4
2243,26.,0.,4.4
2244,26.,0.53281,4.4
2245,26.,1.036181,4.4
2246,26.,1.359974,4.4
2247,26.,1.6,4.4
2248,26.,1.811438,4.4
2249,26.,2.,4.4
2250,26.,2.188562,4.4
2251,26.,2.4,4.4
2252,26.,2.640026,4.4
2253,26.,2.963819,4.4
2254,26.,3.46719,4.4
2255,26.,4.,4.4
2256,26.25916,1.401033,4.4
2257,26.25916,2.598967,4.4
2258,26.28284,1.717157,4.4
2259,26.28284,2.282843,4.4
2260,26.4,2.,4.4
2261,26.49461,1.127332,4.4
2262,26.49461,2.872668,4.4
2263,26.5,0.,4.4
2264,26.5,4.,4.4
2265,26.50178,0.546711,4.4
2266,26.50178,3.453289,4.4
2267,26.67397,1.596265,4.4
2268,26.67397,2.403735,4.4
2269,26.8,2.,4.4
2270,27.,0.,4.4
2271,27.,4.,4.4
2272,27.01248,0.5285,4.4
2273,27.01248,3.4715,4.4
2274,27.03824,1.054059,4.4
2275,27.03824,2.945941,4.4
2276,27.1184,1.541665,4.4
2277,27.1184,2.458335,4.4
2278,27.2,2.,4.4
2279,27.5,0.,4.4
2280,27.5,4.,4.4
2281,27.50998,0.512084,4.4
2282,27.50998,3.487916,4.4
2283,27.5274,1.020598,4.4
2284,27.5274,2.979402,4.4
2285,27.56146,1.515394,4.4
2286,27.56146,2.484606,4.4
2287,27.6,2.,4.4
2288,28.,0.,4.4
2289,28.,0.5,4.4
2290,28.,1.,4.4
2291,28.,1.5,4.4
2292,28.,2.,4.4
2293,28.,2.5,4.4
2294,28.,3.,4.4
2295,28.,3.5,4.4
2296,28.,4.,4.4
2297,28.4,2.,4.4
2298,28.43854,1.515394,4.4
2299,28.43854,2.484606,4.4
2300,28.4726,1.020598,4.4
2301,28.4726,2.979402,4.4
2302,28.49002,0.512084,4.4
2303,28.49002,3.487916,4.4
2304,28.5,0.,4.4
2305,28.5,4.,4.4
2306,28.8,2.,4.4
2307,28.8816,1.541665,4.4
2308,28.8816,2.458335,4.4
2309,28.96176,1.054059,4.4
2310,28.96176,2.945941,4.4
2311,28.98752,0.5285,4.4
2312,28.98752,3.4715,4.4
2313,29.,0.,4.4
2314,29.,4.,4.4
2315,29.2,2.,4.4
2316,29.32603,1.596265,4.4
2317,29.32603,2.403735,4.4
2318,29.49822,0.546711,4.4
2319,29.49822,3.453289,4.4
2320,29.5,0.,4.4
2321,29.5,4.,4.4
2322,29.50539,1.127332,4.4
2323,29.50539,2.872668,4.4
2324,29.6,2.,4.4
2325,29.71716,1.717157,4.4
2326,29.71716,2.282843,4.4
2327,29.74084,1.401033,4.4
2328,29.74084,2.598967,4.4
2329,30.,0.,4.4
2330,30.,0.53281,4.4
2331,30.,1.036181,4.4
2332,30.,1.359974,4.4
2333,30.,1.6,4.4
2334,30.,1.811438,4.4
2335,30.,2.,4.4
2336,30.,2.188562,4.4
2337,30.,2.4,4.4
2338,30.,2.640026,4.4
2339,30.,2.963819,4.4
2340,30.,3.46719,4.4
2341,30.,4.,4.4
2342,30.25916,1.401033,4.4
2343,30.25916,2.598967,4.4
2344,30.28284,1.717157,4.4
2345,30.28284,2.282843,4.4
2346,30.4,2.,4.4
2347,30.49461,1.127332,4.4
2348,30.49461,2.872668,4.4
2349,30.5,0.,4.4
2350,30.5,4.,4.4
2351,30.50178,0.546711,4.4
2352,30.50178,3.453289,4.4
2353,30.67397,1.596265,4.4
2354,30.67397,2.403735,4.4
2355,30.8,2.,4.4
2356,31.,0.,4.4
2357,31.,4.,4.4
2358,31.01248,0.5285,4.4
2359,31.01248,3.4715,4.4
2360,31.03824,1.054059,4.4
2361,31.03824,2.945941,4.4
2362,31.1184,1.541665,4.4
2363,31.1184,2.458335,4.4
2364,31.2,2.,4.4
2365,31.5,0.,4.4
2366,31.5,4.,4.4
2367,31.50998,0.512084,4.4
2368,31.50998,3.487916,4.4
2369,31.5274,1.020598,4.4
2370,31.5274,2.979402,4.4
2371,31.56146,1.515394,4.4
2372,31.56146,2.484606,4.4
2373,31.6,2.,4.4
2374,32.,0.,4.4
2375,32.,0.5,4.4
2376,32.,1.,4.4
2377,32.,1.5,4.4
2378,32.,2.,4.4
2379,32.,2.5,4.4
2380,32.,3.,4.4
2381,32.,3.5,4.4
2382,32.,4.,4.4
2383,32.5,0.,4.4
2384,32.5,0.5,4.4
2385,32.5,1.,4.4
2386,32.5,1.5,4.4
2387,32.5,2.,4.4
2388,32.5,2.5,4.4
2389,32.5,3.,4.4
2390,32.5,3.5,4.4
2391,32.5,4.,4.4
2392,33.,0.,4.4
2393,33.,0.5,4.4
2394,33.,1.,4.4
2395,33.,1.5,4.4
2396,33.,2.,4.4
2397,33.,2.5,4.4
2398,33.,3.,4.4
2399,33.,3.5,4.4
2400,33.,4.,4.4
2401,33.5,0.,4.4
2402,33.5,0.5,4.4
2403,33.5,1.,4.4
2404,33.5,1.5,4.4
2405,33.5,2.,4.4
2406,33.5,2.5,4.4
2407,33.5,3.,4.4
2408,33.5,3.5,4.4
2409,33.5,4.,4.4
2410,34.,0.,4.4
2411,34.,0.5,4.4
2412,34.,1.,4.4
2413,34.,1.5,4.4
2414,34.,2.,4.4
2415,34.,2.5,4.4
2416,34.,3.,4.4
2417,34.,3.5,4.4
2418,34.,4.,4.4
2419,-2.,0.,4.8
2420,-2.,0.5,4.8
2421,-2.,1.,4.8
2422,-2.,1.5,4.8
2423,-2.,2.,4.8
2424,-2.,2.5,4.8
2425,-2.,3.,4.8
2426,-2.,3.5,4.8
2427,-2.,4.,4.8
2428,-1.5,0.,4.8
2429,-1.5,0.5,4.8
2430,-1.5,1.,4.8
2431,-1.5,1.5,4.8
2432,-1.5,2.,4.8
2433,-1.5,2.5,4.8
2434,-1.5,3.,4.8
2435,-1.5,3.5,4.8
2436,-1.5,4.,4.8
2437,-1.,0.,4.8
2438,-1.,0.5,4.8
2439,-1.,1.,4.8
2440,-1.,1.5,4.8
2441,-1.,2.,4.8
2442,-1.,2.5,4.8
2443,-1.,3.,4.8
2444,-1.,3.5,4.8
2445,-1.,4.,4.8
2446,-0.5,0.,4.8
2447,-0.5,0.5,4.8
2448,-0.5,1.,4.8
2449,-0.5,1.5,4.8
2450,-0.5,2.,4.8
2451,-0.5,2.5,4.8
2452,-0.5,3.,4.8
2453,-0.5,3.5,4.8
2454,-0.5,4.,4.8
2455,0.,0.,4.8
2456,0.,0.5,4.8
2457,0.,1.,4.8
2458,0.,1.5,4.8
2459,0.,2.,4.8
2460,0.,2.5,4.8
2461,0.,3.,4.8
2462,0.,3.5,4.8
2463,0.,4.,4.8
2464,0.4,2.,4.8
2465,0.438544,1.515394,4.8
2466,0.438544,2.484606,4.8
2467,0.472599,1.020598,4.8
2468,0.472599,2.979402,4.8
2469,0.490023,0.512084,4.8
2470,0.490023,3.487916,4.8
2471,0.5,0.,4.8
2472,0.5,4.,4.8
2473,0.8,2.,4.8
2474,0.8816,1.541665,4.8
2475,0.8816,2.458335,4.8
2476,0.961765,1.054059,4.8
2477,0.961765,2.945941,4.8
2478,0.987518,0.5285,4.8
2479,0.987518,3.4715,4.8
2480,1.,0.,4.8
2481,1.,4.,4.8
2482,1.2,2.,4.8
2483,1.326031,1.596265,4.8
2484,1.326031,2.403735,4.8
2485,1.498221,0.546711,4.8
2486,1.498221,3.453289,4.8
2487,1.5,0.,4.8
2488,1.5,4.,4.8
2489,1.505386,1.127332,4.8
2490,1.505386,2.872668,4.8
2491,1.6,2.,4.8
2492,1.717157,1.717157,4.8
2493,1.717157,2.282843,4.8
2494,1.740844,1.401033,4.8
2495,1.740844,2.598967,4.8
2496,2.,0.,4.8
2497,2.,0.53281,4.8
2498,2.,1.036181,4.8
2499,2.,1.359974,4.8
2500,2.,1.6,4.8
2501,2.,1.811438,4.8
2502,2.,2.,4.8
2503,2.,2.188562,4.8
2504,2.,2.4,4.8
2505,2.,2.640026,4.8
2506,2.,2.963819,4.8
2507,2.,3.46719,4.8
2508,2.,4.,4.8
2509,2.259156,1.401033,4.8
2510,2.259156,2.598967,4.8
2511,2.282843,1.717157,4.8
2512,2.282843,2.282843,4.8
2513,2.4,2.,4.8
2514,2.494614,1.127332,4.8
2515,2.494614,2.872668,4.8
2516,2.5,0.,4.8
2517,2.5,4.,4.8
2518,2.501779,0.546711,4.8
2519,2.501779,3.453289,4.8
2520,2.673969,1.596265,4.8
2521,2.673969,2.403735,4.8
2522,2.8,2.,4.8
2523,3.,0.,4.8
2524,3.,4.,4.8
2525,3.012482,0.5285,4.8
2526,3.012482,3.4715,4.8
2527,3.038235,1.054059,4.8
2528,3.038235,2.945941,4.8
2529,3.1184,1.541665,4.8
2530,3.1184,2.458335,4.8
2531,3.2,2.,4.8
2532,3.5,0.,4.8
2533,3.5,4.,4.8
2534,3.509977,0.512084,4.8
2535,3.509977,3.487916,4.8
2536,3.527401,1.020598,4.8
2537,3.527401,2.979402,4.8
2538,3.561456,1.515394,4.8
2539,3.561456,2.484606,4.8
2540,3.6,2.,4.8
2541,4.,0.,4.8
2542,4.,0.5,4.8
2543,4.,1.,4.8
2544,4.,1.5,4.8
2545,4.,2.,4.8
2546,4.,2.5,4.8
2547,4.,3.,4.8
2548,4.,3.5,4.8
2549,4.,4.,4.8
2550,4.4,2.,4.8
2551,4.438544,1.515394,4.8
2552,4.438544,2.484606,4.8
2553,4.472599,1.020598,4.8
2554,4.472599,2.979402,4.8
2555,4.490023,0.512084,4.8
2556,4.490023,3.487916,4.8
2557,4.5,0.,4.8
2558,4.5,4.,4.8
2559,4.8,2.,4.8
2560,4.8816,1.541665,4.8
2561,4.8816,2.458335,4.8
2562,4.961765,1.054059,4.8
2563,4.961765,2.945941,4.8
2564,4.987518,0.5285,4.8
2565,4.987518,3.4715,4.8
2566,5.,0.,4.8
2567,5.,4.,4.8
2568,5.2,2.,4.8
2569,5.326031,1.596265,4.8
2570,5.326031,2.403735,4.8
2571,5.498221,0.546711,4.8
2572,5.498221,3.453289,4.8
2573,5.5,0.,4.8
2574,5.5,4.,4.8
2575,5.505386,1.127332,4.8
2576,5.505386,2.872668,4.8
2577,5.6,2.,4.8
2578,5.717157,1.717157,4.8
2579,5.717157,2.282843,4.8
2580,5.740844,1.401033,4.8
2581,5.740844,2.598967,4.8
2582,6.,0.,4.8
2583,6.,0.53281,4.8
2584,6.,1.036181,4.8
2585,6.,1.359974,4.8
2586,6.,1.6,4.8
2587,6.,1.811438,4.8
2588,6.,2.,4.8
2589,6.,2.188562,4.8
2590,6.,2.4,4.8
2591,6.,2.640026,4.8
2592,6.,2.963819,4.8
2593,6.,3.46719,4.8
2594,6.,4.,4.8
2595,6.259156,1.401033,4.8
2596,6.259156,2.598967,4.8
2597,6.282843,1.717157,4.8
2598,6.282843,2.282843,4.8
2599,6.4,2.,4.8
2600,6.494614,1.127332,4.8
2601,6.494614,2.872668,4.8
2602,6.5,0.,4.8
2603,6.5,4.,4.8
2604,6.501779,0.546711,4.8
2605,6.501779,3.453289,4.8
2606,6.673969,1.596265,4.8
2607,6.673969,2.403735,4.8
2608,6.8,2.,4.8
2609,7.,0.,4.8
2610,7.,4.,4.8
2611,7.012482,0.5285,4.8
2612,7.012482,3.4715,4.8
2613,7.038235,1.054059,4.8
2614,7.038235,2.945941,4.8
2615,7.1184,1.541665,4.8
2616,7.1184,2.458335,4.8
2617,7.2,2.,4.8
2618,7.5,0.,4.8
2619,7.5,4.,4.8
2620,7.509977,0.512084,4.8
2621,7.509977,3.487916,4.8
2622,7.527401,1.020598,4.8
2623,7.527401,2.979402,4.8
2624,7.561456,1.515394,4.8
2625,7.561456,2.484606,4.8
2626,7.6,2.,4.8
2627,8.,0.,4.8
2628,8.,0.5,4.8
2629,8.,1.,4.8
2630,8.,1.5,4.8
2631,8.,2.,4.8
2632,8.,2.5,4.8
2633,8.,3.,4.8
2634,8.,3.5,4.8
2635,8.,4.,4.8
2636,8.4,2.,4.8
2637,8.438544,1.515394,4.8
2638,8.438544,2.484606,4.8
2639,8.472599,1.020598,4.8
2640,8.472599,2.979402,4.8
2641,8.490023,0.512084,4.8
2642,8.490023,3.487916,4.8
2643,8.5,0.,4.8
2644,8.5,4.,4.8
2645,8.8,2.,4.8
2646,8.8816,1.541665,4.8
2647,8.8816,2.458335,4.8
2648,8.961765,1.054059,4.8
2649,8.961765,2.945941,4.8
2650,8.987518,0.5285,4.8
2651,8.987518,3.4715,4.8
2652,9.,0.,4.8
2653,9.,4.,4.8
2654,9.2,2.,4.8
2655,9.326031,1.596265,4.8
2656,9.326031,2.403735,4.8
2657,9.498221,0.546711,4.8
2658,9.498221,3.453289,4.8
2659,9.5,0.,4.8
2660,9.5,4.,4.8
2661,9.505386,1.127332,4.8
2662,9.505386,2.872668,4.8
2663,9.6,2.,4.8
2664,9.717157,1.717157,4.8
2665,9.717157,2.282843,4.8
2666,9.740844,1.401033,4.8
2667,9.740844,2.598967,4.8
2668,10.,0.,4.8
2669,10.,0.53281,4.8
2670,10.,1.036181,4.8
2671,10.,1.359974,4.8
2672,10.,1.6,4.8
2673,10.,1.811438,4.8
2674,10.,2.,4.8
2675,10.,2.188562,4.8
2676,10.,2.4,4.8
2677,10.,2.640026,4.8
2678,10.,2.963819,4.8
2679,10.,3.46719,4.8
2680,10.,4.,4.8
2681,10.25916,1.401033,4.8
2682,10.25916,2.598967,4.8
2683,10.28284,1.717157,4.8
2684,10.28284,2.282843,4.8
2685,10.4,2.,4.8
2686,10.49461,1.127332,4.8
2687,10.49461,2.872668,4.8
2688,10.5,0.,4.8
2689,10.5,4.,4.8
2690,10.50178,0.546711,4.8
2691,10.50178,3.453289,4.8
2692,10.67397,1.596265,4.8
2693,10.67397,2.403735,4.8
2694,10.8,2.,4.8
2695,11.,0.,4.8
2696,11.,4.,4.8
2697,11.01248,0.5285,4.8
2698,11.01248,3.4715,4.8
2699,11.03824,1.054059,4.8
2700,11.03824,2.945941,4.8
2701,11.1184,1.541665,4.8
2702,11.1184,2.458335,4.8
2703,11.2,2.,4.8
2704,11.5,0.,4.8
2705,11.5,4.,4.8
2706,11.50998,0.512084,4.8
2707,11.50998,3.487916,4.8
2708,11.5274,1.020598,4.8
2709,11.5274,2.979402,4.8
2710,11.56146,1.515394,4.8
2711,11.56146,2.484606,4.8
2712,11.6,2.,4.8
2713,12.,0.,4.8
2714,12.,0.5,4.8
2715,12.,1.,4.8
2716,12.,1.5,4.8
2717,12.,2.,4.8
2718,12.,2.5,4.8
2719,12.,3.,4.8
2720,12.,3.5,4.8
2721,12.,4.,4.8
2722,12.4,2.,4.8
2723,12.43854,1.515394,4.8
2724,12.43854,2.484606,4.8
2725,12.4726,1.020598,4.8
2726,12.4726,2.979402,4.8
2727,12.49002,0.512084,4.8
2728,12.49002,3.487916,4.8
2729,12.5,0.,4.8
2730,12.5,4.,4.8
2731,12.8,2.,4.8
2732,12.8816,1.541665,4.8
2733,12.8816,2.458335,4.8
2734,12.96176,1.054059,4.8
2735,12.96176,2.945941,4.8
2736,12.98752,0.5285,4.8
2737,12.98752,3.4715,4.8
2738,13.,0.,4.8
2739,13.,4.,4.8
2740,13.2,2.,4.8
2741,13.32603,1.596265,4.8
2742,13.32603,2.403735,4.8
2743,13.49822,0.546711,4.8
2744,13.49822,3.453289,4.8
2745,13.5,0.,4.8
2746,13.5,4.,4.8
2747,13.50539,1.127332,4.8
2748,13.50539,2.872668,4.8
2749,13.6,2.,4.8
2750,13.71716,1.717157,4.8
2751,13.71716,2.282843,4.8
2752,13.74084,1.401033,4.8
2753,13.74084,2.598967,4.8
2754,14.,0.,4.8
2755,14.,0.53281,4.8
2756,14.,1.036181,4.8
2757,14.,1.359974,4.8
2758,14.,1.6,4.8
2759,14.,1.811438,4.8
2760,14.,2.,4.8
2761,14.,2.188562,4.8
2762,14.,2.4,4.8
2763,14.,2.640026,4.8
2764,14.,2.963819,4.8
2765,14.,3.46719,4.8
2766,14.,4.,4.8
2767,14.25916,1.401033,4.8
2768,14.25916,2.598967,4.8
2769,14.28284,1.717157,4.8
2770,14.28284,2.282843,4.8
2771,14.4,2.,4.8
2772,14.49461,1.127332,4.8
2773,14.49461,2.872668,4.8
2774,14.5,0.,4.8
2775,14.5,4.,4.8
2776,14.50178,0.546711,4.8
2777,14.50178,3.453289,4.8
2778,14.67397,1.596265,4.8
2779,14.67397,2.403735,4.8
2780,14.8,2.,4.8
2781,15.,0.,4.8
2782,15.,4.,4.8
2783,15.01248,0.5285,4.8
2784,15.01248,3.4715,4.8
2785,15.03824,1.054059,4.8
2786,15.03824,2.945941,4.8
2787,15.1184,1.541665,4.8
2788,15.1184,2.458335,4.8
2789,15.2,2.,4.8
2790,15.5,0.,4.8
2791,15.5,4.,4.8
2792,15.50998,0.512084,4.8
2793,15.50998,3.487916,4.8
2794,15.5274,1.020598,4.8
2795,15.5274,2.979402,4.8
2796,15.56146,1.515394,4.8
2797,15.56146,2.484606,4.8
2798,15.6,2.,4.8
2799,16.,0.,4.8
2800,16.,0.5,4.8
2801,16.,1.,4.8
2802,16.,1.5,4.8
2803,16.,2.,4.8
2804,16.,2.5,4.8
2805,16.,3.,4.8
2806,16.,3.5,4.8
2807,16.,4.,4.8
2808,16.4,2.,4.8
2809,16.43854,1.515394,4.8
2810,16.43854,2.484606,4.8
2811,16.4726,1.020598,4.8
2812,16.4726,2.979402,4.8
2813,16.49002,0.512084,4.8
2814,16.49002,3.487916,4.8
2815,16.5,0.,4.8
2816,16.5,4.,4.8
2817,16.8,2.,4.8
2818,16.8816,1.541665,4.8
2819,16.8816,2.458335,4.8
2820,16.96176,1.054059,4.8
2821,16.96176,2.945941,4.8
2822,16.98752,0.5285,4.8
2823,16.98752,3.4715,4.8
2824,17.,0.,4.8
2825,17.,4.,4.8
2826,17.2,2.,4.8
2827,17.32603,1.596265,4.8
2828,17.32603,2.403735,4.8
2829,17.49822,0.546711,4.8
2830,17.49822,3.453289,4.8
2831,17.5,0.,4.8
2832,17.5,4.,4.8
2833,17.50539,1.127332,4.8
2834,17.50539,2.872668,4.8
2835,17.6,2.,4.8
2836,17.71716,1.717157,4.8
2837,17.71716,2.282843,4.8
2838,17.74084,1.401033,4.8
2839,17.74084,2.598967,4.8
2840,18.,0.,4.8
2841,18.,0.53281,4.8
2842,18.,1.036181,4.8
2843,18.,1.359974,4.8
2844,18.,1.6,4.8
2845,18.,1.811438,4.8
2846,18.,2.,4.8
2847,18.,2.188562,4.8
2848,18.,2.4,4.8
2849,18.,2.640026,4.8
2850,18.,2.963819,4.8
2851,18.,3.46719,4.8
2852,18.,4.,4.8
2853,18.25916,1.401033,4.8
2854,18.25916,2.598967,4.8
2855,18.28284,1.717157,4.8
2856,18.28284,2.282843,4.8
2857,18.4,2.,4.8
2858,18.49461,1.127332,4.8
2859,18.49461,2.872668,4.8
2860,18.5,0.,4.8
2861,18.5,4.,4.8
2862,18.50178,0.546711,4.8
2863,18.50178,3.453289,4.8
2864,18.67397,1.596265,4.8
2865,18.67397,2.403735,4.8
2866,18.8,2.,4.8
2867,19.,0.,4.8
2868,19.,4.,4.8
2869,19.01248,0.5285,4.8
2870,19.01248,3.4715,4.8
2871,19.03824,1.054059,4.8
2872,19.03824,2.945941,4.8
2873,19.1184,1.541665,4.8
2874,19.1184,2.458335,4.8
2875,19.2,2.,4.8
2876,19.5,0.,4.8
2877,19.5,4.,4.8
2878,19.50998,0.512084,4.8
2879,19.50998,3.487916,4.8
2880,19.5274,1.020598,4.8
2881,19.5274,2.979402,4.8
2882,19.56146,1.515394,4.8
2883,19.56146,2.484606,4.8
2884,19.6,2.,4.8
2885,20.,0.,4.8
2886,20.,0.5,4.8
2887,20.,1.,4.8
2888,20.,1.5,4.8
2889,20.,2.,4.8
2890,20.,2.5,4.8
2891,20.,3.,4.8
2892,20.,3.5,4.8
2893,20.,4.,4.8
2894,20.4,2.,4.8
2895,20.43854,1.515394,4.8
2896,20.43854,2.484606,4.8
2897,20.4726,1.020598,4.8
2898,20.4726,2.979402,4.8
2899,20.49002,0.512084,4.8
2900,20.49002,3.487916,4.8
2901,20.5,0.,4.8
2902,20.5,4.,4.8
2903,20.8,2.,4.8
2904,20.8816,1.541665,4.8
2905,20.8816,2.458335,4.8
2906,20.96176,1.054059,4.8
2907,20.96176,2.945941,4.8
2908,20.98752,0.5285,4.8
2909,20.98752,3.4715,4.8
2910,21.,0.,4.8
2911,21.,4.,4.8
2912,21.2,2.,4.8
2913,21.32603,1.596265,4.8
2914,21.32603,2.403735,4.8
2915,21.49822,0.546711,4.8
2916,21.49822,3.453289,4.8
2917,21.5,0.,4.8
2918,21.5,4.,4.8
2919,21.50539,1.127332,4.8
2920,21.50539,2.872668,4.8
2921,21.6,2.,4.8
2922,21.71716,1.717157,4.8
2923,21.71716,2.282843,4.8
2924,21.74084,1.401033,4.8
2925,21.74084,2.598967,4.8
2926,22.,0.,4.8
2927,22.,0.53281,4.8
2928,22.,1.036181,4.8
2929,22.,1.359974,4.8
2930,22.,1.6,4.8
2931,22.,1.811438,4.8
2932,22.,2.,4.8
2933,22.,2.188562,4.8
2934,22.,2.4,4.8
2935,22.,2.640026,4.8
2936,22.,2.963819,4.8
2937,22.,3.46719,4.8
2938,22.,4.,4.8
2939,22.25916,1.401033,4.8
2940,22.25916,2.598967,4.8
2941,22.28284,1.717157,4.8
2942,22.28284,2.282843,4.8
2943,22.4,2.,4.8
2944,22.49461,1.127332,4.8
2945,22.49461,2.872668,4.8
2946,22.5,0.,4.8
2947,22.5,4.,4.8
2948,22.50178,0.546711,4.8
2949,22.50178,3.453289,4.8
2950,22.67397,1.596265,4.8
2951,22.67397,2.403735,4.8
2952,22.8,2.,4.8
2953,23.,0.,4.8
2954,23.,4.,4.8
2955,23.01248,0.5285,4.8
2956,23.01248,3.4715,4.8
2957,23.03824,1.054059,4.8
2958,23.03824,2.945941,4.8
2959,23.1184,1.541665,4.8
2960,23.1184,2.458335,4.8
2961,23.2,2.,4.8
2962,23.5,0.,4.8
2963,23.5,4.,4.8
2964,23.50998,0.512084,4.8
2965,23.50998,3.487916,4.8
2966,23.5274,1.020598,4.8
2967,23.5274,2.979402,4.8
2968,23.56146,1.515394,4.8
2969,23.56146,2.484606,4.8
2970,23.6,2.,4.8
2971,24.,0.,4.8
2972,24.,0.5,4.8
2973,24.,1.,4.8
2974,24.,1.5,4.8
2975,24.,2.,4.8
2976,24.,2.5,4.8
2977,24.,3.,4.8
2978,24.,3.5,4.8
2979,24.,4.,4.8
2980,24.4,2.,4.8
2981,24.43854,1.515394,4.8
2982,24.43854,2.484606,4.8
2983,24.4726,1.020598,4.8
2984,24.4726,2.979402,4.8
2985,24.49002,0.512084,4.8
2986,24.49002,3.487916,4.8
2987,24.5,0.,4.8
2988,24.5,4.,4.8
2989,24.8,2.,4.8
2990,24.8816,1.541665,4.8
2991,24.8816,2.458335,4.8
2992,24.96176,1.054059,4.8
2993,24.96176,2.945941,4.8
2994,24.98752,0.5285,4.8
2995,24.98752,3.4715,4.8
2996,25.,0.,4.8
2997,25.,4.,4.8
2998,25.2,2.,4.8
2999,25.32603,1.596265,4.8
3000,25.32603,2.403735,4.8
3001,25.49822,0.546711,4.8
3002,25.49822,3.453289,4.8
3003,25.5,0.,4.8
3004,25.5,4.,4.8
3005,25.50539,1.127332,4.8
3006,25.50539,2.872668,4.8
3007,25.6,2.,4.8
3008,25.71716,1.717157,4.8
3009,25.71716,2.282843,4.8
3010,25.74084,1.401033,4.8
3011,25.74084,2.598967,4.8
3012,26.,0.,4.8
3013,26.,0.53281,4.8
3014,26.,1.036181,4.8
3015,26.,1.359974,4.8
3016,26.,1.6,4.8
3017,26.,1.811438,4.8
3018,26.,2.,4.8
3019,26.,2.188562,4.8
3020,26.,2.4,4.8
3021,26.,2.640026,4.8
3022,26.,2.963819,4.8
3023,26.,3.46719,4.8
3024,26.,4.,4.8
3025,26.25916,1.401033,4.8
3026,26.25916,2.598967,4.8
3027,26.28284,1.717157,4.8
3028,26.28284,2.282843,4.8
3029,26.4,2.,4.8
3030,26.49461,1.127332,4.8
3031,26.49461,2.872668,4.8
3032,26.5,0.,4.8
3033,26.5,4.,4.8
3034,26.50178,0.546711,4.8
3035,26.50178,3.453289,4.8
3036,26.67397,1.596265,4.8
3037,26.67397,2.403735,4.8
3038,26.8,2.,4.8
3039,27.,0.,4.8
3040,27.,4.,4.8
3041,27.01248,0.5285,4.8
3042,27.01248,3.4715,4.8
3043,27.03824,1.054059,4.8
3044,27.03824,2.945941,4.8
3045,27.1184,1.541665,4.8
3046,27.1184,2.458335,4.8
3047,27.2,2.,4.8
3048,27.5,0.,4.8
3049,27.5,4.,4.8
3050,27.50998,0.512084,4.8
3051,27.50998,3.487916,4.8
3052,27.5274,1.020598,4.8
3053,27.5274,2.979402,4.8
3054,27.56146,1.515394,4.8
3055,27.56146,2.484606,4.8
3056,27.6,2.,4.8
3057,28.,0.,4.8
3058,28.,0.5,4.8
3059,28.,1.,4.8
3060,28.,1.5,4.8
3061,28.,2.,4.8
3062,28.,2.5,4.8
3063,28.,3.,4.8
3064,28.,3.5,4.8
3065,28.,4.,4.8
3066,28.4,2.,4.8
3067,28.43854,1.515394,4.8
3068,28.43854,2.484606,4.8
3069,28.4726,1.020598,4.8
3070,28.4726,2.979402,4.8
3071,28.49002,0.512084,4.8
3072,28.49002,3.487916,4.8
3073,28.5,0.,4.8
3074,28.5,4.,4.8
3075,28.8,2.,4.8
3076,28.8816,1.541665,4.8
3077,28.8816,2.458335,4.8
3078,28.96176,1.054059,4.8
3079,28.96176,2.945941,4.8
3080,28.98752,0.5285,4.8
3081,28.98752,3.4715,4.8
3082,29.,0.,4.8
3083,29.,4.,4.8
3084,29.2,2.,4.8
3085,29.32603,1.596265,4.8
3086,29.32603,2.403735,4.8
3087,29.49822,0.546711,4.8
3088,29.49822,3.453289,4.8
3089,29.5,0.,4.8
3090,29.5,4.,4.8
3091,29.50539,1.127332,4.8
3092,29.50539,2.872668,4.8
3093,29.6,2.,4.8
3094,29.71716,1.717157,4.8
3095,29.71716,2.282843,4.8
3096,29.74084,1.401033,4.8
3097,29.74084,2.598967,4.8
3098,30.,0.,4.8
3099,30.,0.53281,4.8
3100,30.,1.036181,4.8
3101,30.,1.359974,4.8
3102,30.,1.6,4.8
3103,30.,1.811438,4.8
3104,30.,2.,4.8
3105,30.,2.188562,4.8
3106,30.,2.4,4.8
3107,30.,2.640026,4.8
3108,30.,2.963819,4.8
3109,30.,3.46719,4.8
3110,30.,4.,4.8
3111,30.25916,1.401033,4.8
3112,30.25916,2.598967,4.8
3113,30.28284,1.717157,4.8
3114,30.28284,2.282843,4.8
3115,30.4,2.,4.8
3116,30.49461,1.127332,4.8
3117,30.49461,2.872668,4.8
3118,30.5,0.,4.8
3119,30.5,4.,4.8
3120,30.50178,0.546711,4.8
3121,30.50178,3.453289,4.8
3122,30.67397,1.596265,4.8
3123,30.67397,2.403735,4.8
3124,30.8,2.,4.8
3125,31.,0.,4.8
3126,31.,4.,4.8
3127,31.01248,0.5285,4.8
3128,31.01248,3.4715,4.8
3129,31.03824,1.054059,4.8
3130,31.03824,2.945941,4.8
3131,31.1184,1.541665,4.8
3132,31.1184,2.458335,4.8
3133,31.2,2.,4.8
3134,31.5,0.,4.8
3135,31.5,4.,4.8
3136,31.50998,0.512084,4.8
3137,31.50998,3.487916,4.8
3138,31.5274,1.020598,4.8
3139,31.5274,2.979402,4.8
3140,31.56146,1.515394,4.8
3141,31.56146,2.484606,4.8
3142,31.6,2.,4.8
3143,32.,0.,4.8
3144,32.,0.5,4.8
3145,32.,1.,4.8
3146,32.,1.5,4.8
3147,32.,2.,4.8
3148,32.,2.5,4.8
3149,32.,3.,4.8
3150,32.,3.5,4.8
3151,32.,4.,4.8
3152,32.5,0.,4.8
3153,32.5,0.5,4.8
3154,32.5,1.,4.8
3155,32.5,1.5,4.8
3156,32.5,2.,4.8
3157,32.5,2.5,4.8
3158,32.5,3.,4.8
3159,32.5,3.5,4.8
3160,32.5,4.,4.8
3161,33.,0.,4.8
3162,33.,0.5,4.8
3163,33.,1.,4.8
3164,33.,1.5,4.8
3165,33.,2.,4.8
3166,33.,2.5,4.8
3167,33.,3.,4.8
3168,33.,3.5,4.8
3169,33.,4.,4.8
3170,33.5,0.,4.8
3171,33.5,0.5,4.8
3172,33.5,1.,4.8
3173,33.5,1.5,4.8
3174,33.5,2.,4.8
3175,33.5,2.5,4.8
3176,33.5,3.,4.8
3177,33.5,3.5,4.8
3178,33.5,4.,4.8
3179,34.,0.,4.8
3180,34.,0.5,4.8
3181,34.,1.,4.8
3182,34.,1.5,4.8
3183,34.,2.,4.8
3184,34.,2.5,4.8
3185,34.,3.,4.8
3186,34.,3.5,4.8
3187,34.,4.,4.8
