"ID","C1","C2","C3","C4","C5","C6","C7","C8"
1,89,94,93,90,1,6,5,2
2,89,91,95,94,1,3,7,6
3,92,90,93,97,4,2,5,9
4,96,98,95,91,8,10,7,3
5,93,94,99,97,5,6,11,9
6,95,98,99,94,7,10,11,6
7,100,105,104,101,12,17,16,13
8,100,102,106,105,12,14,18,17
9,103,101,104,108,15,13,16,20
10,107,109,106,102,19,21,18,14
11,104,105,110,108,16,17,22,20
12,106,109,110,105,18,21,22,17
13,111,116,115,112,23,28,27,24
14,111,113,117,116,23,25,29,28
15,114,112,115,119,26,24,27,31
16,118,120,117,113,30,32,29,25
17,115,116,121,119,27,28,33,31
18,117,120,121,116,29,32,33,28
19,122,127,126,123,34,39,38,35
20,122,124,128,127,34,36,40,39
21,125,123,126,130,37,35,38,42
22,129,131,128,124,41,43,40,36
23,126,127,132,130,38,39,44,42
24,128,131,132,127,40,43,44,39
25,133,138,137,134,45,50,49,46
26,133,135,139,138,45,47,51,50
27,136,134,137,141,48,46,49,53
28,140,142,139,135,52,54,51,47
29,137,138,143,141,49,50,55,53
30,139,142,143,138,51,54,55,50
31,144,149,148,145,56,61,60,57
32,144,146,150,149,56,58,62,61
33,147,145,148,152,59,57,60,64
34,151,153,150,146,63,65,62,58
35,148,149,154,152,60,61,66,64
36,150,153,154,149,62,65,66,61
37,155,160,159,156,67,72,71,68
38,155,157,161,160,67,69,73,72
39,158,156,159,163,70,68,71,75
40,162,164,161,157,74,76,73,69
41,159,160,165,163,71,72,77,75
42,161,164,165,160,73,76,77,72
43,166,171,170,167,78,83,82,79
44,166,168,172,171,78,80,84,83
45,169,167,170,174,81,79,82,86
46,173,175,172,168,85,87,84,80
47,170,171,176,174,82,83,88,86
48,172,175,176,171,84,87,88,83
49,177,182,181,178,89,94,93,90
50,177,179,183,182,89,91,95,94
51,180,178,181,185,92,90,93,97
52,184,186,183,179,96,98,95,91
53,181,182,187,185,93,94,99,97
54,183,186,187,182,95,98,99,94
55,188,193,192,189,100,105,104,101
56,188,190,194,193,100,102,106,105
57,191,189,192,196,103,101,104,108
58,195,197,194,190,107,109,106,102
59,192,193,198,196,104,105,110,108
60,194,197,198,193,106,109,110,105
61,199,204,203,200,111,116,115,112
62,199,201,205,204,111,113,117,116
63,202,200,203,207,114,112,115,119
64,206,208,205,201,118,120,117,113
65,203,204,209,207,115,116,121,119
66,205,208,209,204,117,120,121,116
67,210,215,214,211,122,127,126,123
68,210,212,216,215,122,124,128,127
69,213,211,214,218,125,123,126,130
70,217,219,216,212,129,131,128,124
71,214,215,220,218,126,127,132,130
72,216,219,220,215,128,131,132,127
73,221,226,225,222,133,138,137,134
74,221,223,227,226,133,135,139,138
75,224,222,225,229,136,134,137,141
76,228,230,227,223,140,142,139,135
77,225,226,231,229,137,138,143,141
78,227,230,231,226,139,142,143,138
79,232,237,236,233,144,149,148,145
80,232,234,238,237,144,146,150,149
81,235,233,236,240,147,145,148,152
82,239,241,238,234,151,153,150,146
83,236,237,242,240,148,149,154,152
84,238,241,242,237,150,153,154,149
85,243,248,247,244,155,160,159,156
86,243,245,249,248,155,157,161,160
87,246,244,247,251,158,156,159,163
88,250,252,249,245,162,164,161,157
89,247,248,253,251,159,160,165,163
90,249,252,253,248,161,164,165,160
91,254,259,258,255,166,171,170,167
92,254,256,260,259,166,168,172,171
93,257,255,258,262,169,167,170,174
94,261,263,260,256,173,175,172,168
95,258,259,264,262,170,171,176,174
96,260,263,264,259,172,175,176,171
97,265,270,269,266,177,182,181,178
98,265,267,271,270,177,179,183,182
99,268,266,269,273,180,178,181,185
100,272,274,271,267,184,186,183,179
101,269,270,275,273,181,182,187,185
102,271,274,275,270,183,186,187,182
103,276,281,280,277,188,193,192,189
104,276,278,282,281,188,190,194,193
105,279,277,280,284,191,189,192,196
106,283,285,282,278,195,197,194,190
107,280,281,286,284,192,193,198,196
108,282,285,286,281,194,197,198,193
109,287,292,291,288,199,204,203,200
110,287,289,293,292,199,201,205,204
111,290,288,291,295,202,200,203,207
112,294,296,293,289,206,208,205,201
113,291,292,297,295,203,204,209,207
114,293,296,297,292,205,208,209,204
115,298,303,302,299,210,215,214,211
116,298,300,304,303,210,212,216,215
117,301,299,302,306,213,211,214,218
118,305,307,304,300,217,219,216,212
119,302,303,308,306,214,215,220,218
120,304,307,308,303,216,219,220,215
121,309,314,313,310,221,226,225,222
122,309,311,315,314,221,223,227,226
123,312,310,313,317,224,222,225,229
124,316,318,315,311,228,230,227,223
125,313,314,319,317,225,226,231,229
126,315,318,319,314,227,230,231,226
127,320,325,324,321,232,237,236,233
128,320,322,326,325,232,234,238,237
129,323,321,324,328,235,233,236,240
130,327,329,326,322,239,241,238,234
131,324,325,330,328,236,237,242,240
132,326,329,330,325,238,241,242,237
133,331,336,335,332,243,248,247,244
134,331,333,337,336,243,245,249,248
135,334,332,335,339,246,244,247,251
136,338,340,337,333,250,252,249,245
137,335,336,341,339,247,248,253,251
138,337,340,341,336,249,252,253,248
139,342,347,346,343,254,259,258,255
140,342,344,348,347,254,256,260,259
141,345,343,346,350,257,255,258,262
142,349,351,348,344,261,263,260,256
143,346,347,352,350,258,259,264,262
144,348,351,352,347,260,263,264,259
145,353,358,357,354,265,270,269,266
146,353,355,359,358,265,267,271,270
147,356,354,357,361,268,266,269,273
148,360,362,359,355,272,274,271,267
149,357,358,363,361,269,270,275,273
150,359,362,363,358,271,274,275,270
151,364,369,368,365,276,281,280,277
152,364,366,370,369,276,278,282,281
153,367,365,368,372,279,277,280,284
154,371,373,370,366,283,285,282,278
155,368,369,374,372,280,281,286,284
156,370,373,374,369,282,285,286,281
157,375,380,379,376,287,292,291,288
158,375,377,381,380,287,289,293,292
159,378,376,379,383,290,288,291,295
160,382,384,381,377,294,296,293,289
161,379,380,385,383,291,292,297,295
162,381,384,385,380,293,296,297,292
163,386,391,390,387,298,303,302,299
164,386,388,392,391,298,300,304,303
165,389,387,390,394,301,299,302,306
166,393,395,392,388,305,307,304,300
167,390,391,396,394,302,303,308,306
168,392,395,396,391,304,307,308,303
169,397,402,401,398,309,314,313,310
170,397,399,403,402,309,311,315,314
171,400,398,401,405,312,310,313,317
172,404,406,403,399,316,318,315,311
173,401,402,407,405,313,314,319,317
174,403,406,407,402,315,318,319,314
175,408,413,412,409,320,325,324,321
176,408,410,414,413,320,322,326,325
177,411,409,412,416,323,321,324,328
178,415,417,414,410,327,329,326,322
179,412,413,418,416,324,325,330,328
180,414,417,418,413,326,329,330,325
181,419,424,423,420,331,336,335,332
182,419,421,425,424,331,333,337,336
183,422,420,423,427,334,332,335,339
184,426,428,425,421,338,340,337,333
185,423,424,429,427,335,336,341,339
186,425,428,429,424,337,340,341,336
187,430,435,434,431,342,347,346,343
188,430,432,436,435,342,344,348,347
189,433,431,434,438,345,343,346,350
190,437,439,436,432,349,351,348,344
191,434,435,440,438,346,347,352,350
192,436,439,440,435,348,351,352,347
193,441,446,445,442,353,358,357,354
194,441,443,447,446,353,355,359,358
195,444,442,445,449,356,354,357,361
196,448,450,447,443,360,362,359,355
197,445,446,451,449,357,358,363,361
198,447,450,451,446,359,362,363,358
199,452,457,456,453,364,369,368,365
200,452,454,458,457,364,366,370,369
201,455,453,456,460,367,365,368,372
202,459,461,458,454,371,373,370,366
203,456,457,462,460,368,369,374,372
204,458,461,462,457,370,373,374,369
205,463,468,467,464,375,380,379,376
206,463,465,469,468,375,377,381,380
207,466,464,467,471,378,376,379,383
208,470,472,469,465,382,384,381,377
209,467,468,473,471,379,380,385,383
210,469,472,473,468,381,384,385,380
211,474,479,478,475,386,391,390,387
212,474,476,480,479,386,388,392,391
213,477,475,478,482,389,387,390,394
214,481,483,480,476,393,395,392,388
215,478,479,484,482,390,391,396,394
216,480,483,484,479,392,395,396,391
217,485,490,489,486,397,402,401,398
218,485,487,491,490,397,399,403,402
219,488,486,489,493,400,398,401,405
220,492,494,491,487,404,406,403,399
221,489,490,495,493,401,402,407,405
222,491,494,495,490,403,406,407,402
223,496,501,500,497,408,413,412,409
224,496,498,502,501,408,410,414,413
225,499,497,500,504,411,409,412,416
226,503,505,502,498,415,417,414,410
227,500,501,506,504,412,413,418,416
228,502,505,506,501,414,417,418,413
229,507,512,511,508,419,424,423,420
230,507,509,513,512,419,421,425,424
231,510,508,511,515,422,420,423,427
232,514,516,513,509,426,428,425,421
233,511,512,517,515,423,424,429,427
234,513,516,517,512,425,428,429,424
235,518,523,522,519,430,435,434,431
236,518,520,524,523,430,432,436,435
237,521,519,522,526,433,431,434,438
238,525,527,524,520,437,439,436,432
239,522,523,528,526,434,435,440,438
240,524,527,528,523,436,439,440,435
241,529,534,533,530,441,446,445,442
242,529,531,535,534,441,443,447,446
243,532,530,533,537,444,442,445,449
244,536,538,535,531,448,450,447,443
245,533,534,539,537,445,446,451,449
246,535,538,539,534,447,450,451,446
247,540,545,544,541,452,457,456,453
248,540,542,546,545,452,454,458,457
249,543,541,544,548,455,453,456,460
250,547,549,546,542,459,461,458,454
251,544,545,550,548,456,457,462,460
252,546,549,550,545,458,461,462,457
253,551,556,555,552,463,468,467,464
254,551,553,557,556,463,465,469,468
255,554,552,555,559,466,464,467,471
256,558,560,557,553,470,472,469,465
257,555,556,561,559,467,468,473,471
258,557,560,561,556,469,472,473,468
259,562,567,566,563,474,479,478,475
260,562,564,568,567,474,476,480,479
261,565,563,566,570,477,475,478,482
262,569,571,568,564,481,483,480,476
263,566,567,572,570,478,479,484,482
264,568,571,572,567,480,483,484,479
265,573,578,577,574,485,490,489,486
266,573,575,579,578,485,487,491,490
267,576,574,577,581,488,486,489,493
268,580,582,579,575,492,494,491,487
269,577,578,583,581,489,490,495,493
270,579,582,583,578,491,494,495,490
271,584,589,588,585,496,501,500,497
272,584,586,590,589,496,498,502,501
273,587,585,588,592,499,497,500,504
274,591,593,590,586,503,505,502,498
275,588,589,594,592,500,501,506,504
276,590,593,594,589,502,505,506,501
277,595,600,599,596,507,512,511,508
278,595,597,601,600,507,509,513,512
279,598,596,599,603,510,508,511,515
280,602,604,601,597,514,516,513,509
281,599,600,605,603,511,512,517,515
282,601,604,605,600,513,516,517,512
283,606,611,610,607,518,523,522,519
284,606,608,612,611,518,520,524,523
285,609,607,610,614,521,519,522,526
286,613,615,612,608,525,527,524,520
287,610,611,616,614,522,523,528,526
288,612,615,616,611,524,527,528,523
289,617,622,621,618,529,534,533,530
290,617,619,623,622,529,531,535,534
291,620,618,621,625,532,530,533,537
292,624,626,623,619,536,538,535,531
293,621,622,627,625,533,534,539,537
294,623,626,627,622,535,538,539,534
295,628,633,632,629,540,545,544,541
296,628,630,634,633,540,542,546,545
297,631,629,632,636,543,541,544,548
298,635,637,634,630,547,549,546,542
299,632,633,638,636,544,545,550,548
300,634,637,638,633,546,549,550,545
301,639,644,643,640,551,556,555,552
302,639,641,645,644,551,553,557,556
303,642,640,643,647,554,552,555,559
304,646,648,645,641,558,560,557,553
305,643,644,649,647,555,556,561,559
306,645,648,649,644,557,560,561,556
307,650,655,654,651,562,567,566,563
308,650,652,656,655,562,564,568,567
309,653,651,654,658,565,563,566,570
310,657,659,656,652,569,571,568,564
311,654,655,660,658,566,567,572,570
312,656,659,660,655,568,571,572,567
313,661,666,665,662,573,578,577,574
314,661,663,667,666,573,575,579,578
315,664,662,665,669,576,574,577,581
316,668,670,667,663,580,582,579,575
317,665,666,671,669,577,578,583,581
318,667,670,671,666,579,582,583,578
319,672,677,676,673,584,589,588,585
320,672,674,678,677,584,586,590,589
321,675,673,676,680,587,585,588,592
322,679,681,678,674,591,593,590,586
323,676,677,682,680,588,589,594,592
324,678,681,682,677,590,593,594,589
325,683,688,687,684,595,600,599,596
326,683,685,689,688,595,597,601,600
327,686,684,687,691,598,596,599,603
328,690,692,689,685,602,604,601,597
329,687,688,693,691,599,600,605,603
330,689,692,693,688,601,604,605,600
331,694,699,698,695,606,611,610,607
332,694,696,700,699,606,608,612,611
333,697,695,698,702,609,607,610,614
334,701,703,700,696,613,615,612,608
335,698,699,704,702,610,611,616,614
336,700,703,704,699,612,615,616,611
337,705,710,709,706,617,622,621,618
338,705,707,711,710,617,619,623,622
339,708,706,709,713,620,618,621,625
340,712,714,711,707,624,626,623,619
341,709,710,715,713,621,622,627,625
342,711,714,715,710,623,626,627,622
343,716,721,720,717,628,633,632,629
344,716,718,722,721,628,630,634,633
345,719,717,720,724,631,629,632,636
346,723,725,722,718,635,637,634,630
347,720,721,726,724,632,633,638,636
348,722,725,726,721,634,637,638,633
349,727,732,731,728,639,644,643,640
350,727,729,733,732,639,641,645,644
351,730,728,731,735,642,640,643,647
352,734,736,733,729,646,648,645,641
353,731,732,737,735,643,644,649,647
354,733,736,737,732,645,648,649,644
355,738,743,742,739,650,655,654,651
356,738,740,744,743,650,652,656,655
357,741,739,742,746,653,651,654,658
358,745,747,744,740,657,659,656,652
359,742,743,748,746,654,655,660,658
360,744,747,748,743,656,659,660,655
361,749,754,753,750,661,666,665,662
362,749,751,755,754,661,663,667,666
363,752,750,753,757,664,662,665,669
364,756,758,755,751,668,670,667,663
365,753,754,759,757,665,666,671,669
366,755,758,759,754,667,670,671,666
367,760,765,764,761,672,677,676,673
368,760,762,766,765,672,674,678,677
369,763,761,764,768,675,673,676,680
370,767,769,766,762,679,681,678,674
371,764,765,770,768,676,677,682,680
372,766,769,770,765,678,681,682,677
373,771,776,775,772,683,688,687,684
374,771,773,777,776,683,685,689,688
375,774,772,775,779,686,684,687,691
376,778,780,777,773,690,692,689,685
377,775,776,781,779,687,688,693,691
378,777,780,781,776,689,692,693,688
379,782,787,786,783,694,699,698,695
380,782,784,788,787,694,696,700,699
381,785,783,786,790,697,695,698,702
382,789,791,788,784,701,703,700,696
383,786,787,792,790,698,699,704,702
384,788,791,792,787,700,703,704,699
385,793,798,797,794,705,710,709,706
386,793,795,799,798,705,707,711,710
387,796,794,797,801,708,706,709,713
388,800,802,799,795,712,714,711,707
389,797,798,803,801,709,710,715,713
390,799,802,803,798,711,714,715,710
391,804,809,808,805,716,721,720,717
392,804,806,810,809,716,718,722,721
393,807,805,808,812,719,717,720,724
394,811,813,810,806,723,725,722,718
395,808,809,814,812,720,721,726,724
396,810,813,814,809,722,725,726,721
397,815,820,819,816,727,732,731,728
398,815,817,821,820,727,729,733,732
399,818,816,819,823,730,728,731,735
400,822,824,821,817,734,736,733,729
401,819,820,825,823,731,732,737,735
402,821,824,825,820,733,736,737,732
403,826,831,830,827,738,743,742,739
404,826,828,832,831,738,740,744,743
405,829,827,830,834,741,739,742,746
406,833,835,832,828,745,747,744,740
407,830,831,836,834,742,743,748,746
408,832,835,836,831,744,747,748,743
409,837,842,841,838,749,754,753,750
410,837,839,843,842,749,751,755,754
411,840,838,841,845,752,750,753,757
412,844,846,843,839,756,758,755,751
413,841,842,847,845,753,754,759,757
414,843,846,847,842,755,758,759,754
415,848,853,852,849,760,765,764,761
416,848,850,854,853,760,762,766,765
417,851,849,852,856,763,761,764,768
418,855,857,854,850,767,769,766,762
419,852,853,858,856,764,765,770,768
420,854,857,858,853,766,769,770,765
421,859,864,863,860,771,776,775,772
422,859,861,865,864,771,773,777,776
423,862,860,863,867,774,772,775,779
424,866,868,865,861,778,780,777,773
425,863,864,869,867,775,776,781,779
426,865,868,869,864,777,780,781,776
427,870,875,874,871,782,787,786,783
428,870,872,876,875,782,784,788,787
429,873,871,874,878,785,783,786,790
430,877,879,876,872,789,791,788,784
431,874,875,880,878,786,787,792,790
432,876,879,880,875,788,791,792,787
433,953,964,963,954,793,798,797,794
434,953,955,965,964,793,795,799,798
435,962,954,963,973,796,794,797,801
436,966,974,965,955,800,802,799,795
437,963,964,975,973,797,798,803,801
438,965,974,975,964,799,802,803,798
439,1039,1050,1049,1040,804,809,808,805
440,1039,1041,1051,1050,804,806,810,809
441,1048,1040,1049,1059,807,805,808,812
442,1052,1060,1051,1041,811,813,810,806
443,1049,1050,1061,1059,808,809,814,812
444,1051,1060,1061,1050,810,813,814,809
445,1125,1136,1135,1126,815,820,819,816
446,1125,1127,1137,1136,815,817,821,820
447,1134,1126,1135,1145,818,816,819,823
448,1138,1146,1137,1127,822,824,821,817
449,1135,1136,1147,1145,819,820,825,823
450,1137,1146,1147,1136,821,824,825,820
451,1211,1222,1221,1212,826,831,830,827
452,1211,1213,1223,1222,826,828,832,831
453,1220,1212,1221,1231,829,827,830,834
454,1224,1232,1223,1213,833,835,832,828
455,1221,1222,1233,1231,830,831,836,834
456,1223,1232,1233,1222,832,835,836,831
457,1297,1308,1307,1298,837,842,841,838
458,1297,1299,1309,1308,837,839,843,842
459,1306,1298,1307,1317,840,838,841,845
460,1310,1318,1309,1299,844,846,843,839
461,1307,1308,1319,1317,841,842,847,845
462,1309,1318,1319,1308,843,846,847,842
463,1383,1394,1393,1384,848,853,852,849
464,1383,1385,1395,1394,848,850,854,853
465,1392,1384,1393,1403,851,849,852,856
466,1396,1404,1395,1385,855,857,854,850
467,1393,1394,1405,1403,852,853,858,856
468,1395,1404,1405,1394,854,857,858,853
469,1469,1480,1479,1470,859,864,863,860
470,1469,1471,1481,1480,859,861,865,864
471,1478,1470,1479,1489,862,860,863,867
472,1482,1490,1481,1471,866,868,865,861
473,1479,1480,1491,1489,863,864,869,867
474,1481,1490,1491,1480,865,868,869,864
475,1555,1566,1565,1556,870,875,874,871
476,1555,1557,1567,1566,870,872,876,875
477,1564,1556,1565,1575,873,871,874,878
478,1568,1576,1567,1557,877,879,876,872
479,1565,1566,1577,1575,874,875,880,878
480,1567,1576,1577,1566,876,879,880,875
481,1650,1651,1660,1659,881,882,891,890
482,1651,1652,1661,1660,882,883,892,891
483,1652,1653,1662,1661,883,884,893,892
484,1653,1654,1663,1662,884,885,894,893
485,1654,1655,1664,1663,885,886,895,894
486,1655,1656,1665,1664,886,887,896,895
487,1656,1657,1666,1665,887,888,897,896
488,1657,1658,1667,1666,888,889,898,897
489,1659,1660,1669,1668,890,891,900,899
490,1660,1661,1670,1669,891,892,901,900
491,1661,1662,1671,1670,892,893,902,901
492,1662,1663,1672,1671,893,894,903,902
493,1663,1664,1673,1672,894,895,904,903
494,1664,1665,1674,1673,895,896,905,904
495,1665,1666,1675,1674,896,897,906,905
496,1666,1667,1676,1675,897,898,907,906
497,1668,1669,1678,1677,899,900,909,908
498,1669,1670,1679,1678,900,901,910,909
499,1670,1671,1680,1679,901,902,911,910
500,1671,1672,1681,1680,902,903,912,911
501,1672,1673,1682,1681,903,904,913,912
502,1673,1674,1683,1682,904,905,914,913
503,1674,1675,1684,1683,905,906,915,914
504,1675,1676,1685,1684,906,907,916,915
505,1677,1678,1687,1686,908,909,918,917
506,1678,1679,1688,1687,909,910,919,918
507,1679,1680,1689,1688,910,911,920,919
508,1680,1681,1690,1689,911,912,921,920
509,1681,1682,1691,1690,912,913,922,921
510,1682,1683,1692,1691,913,914,923,922
511,1683,1684,1693,1692,914,915,924,923
512,1684,1685,1694,1693,915,916,925,924
513,1695,1696,1689,1690,926,927,920,921
514,1695,1690,1691,1697,926,921,922,928
515,1688,1689,1696,1698,919,920,927,929
516,1692,1699,1697,1691,923,930,928,922
517,1698,1700,1687,1688,929,931,918,919
518,1699,1692,1693,1701,930,923,924,932
519,1686,1687,1700,1702,917,918,931,933
520,1694,1703,1701,1693,925,934,932,924
521,1704,1705,1696,1695,935,936,927,926
522,1704,1695,1697,1706,935,926,928,937
523,1698,1696,1705,1707,929,927,936,938
524,1699,1708,1706,1697,930,939,937,928
525,1707,1709,1700,1698,938,940,931,929
526,1708,1699,1701,1710,939,930,932,941
527,1702,1700,1709,1711,933,931,940,942
528,1703,1712,1710,1701,934,943,941,932
529,1704,1713,1714,1705,935,944,945,936
530,1704,1706,1715,1713,935,937,946,944
531,1705,1714,1720,1707,936,945,951,938
532,1706,1708,1721,1715,937,939,952,946
533,1720,1716,1709,1707,951,947,940,938
534,1721,1708,1710,1717,952,939,941,948
535,1711,1709,1716,1718,942,940,947,949
536,1712,1719,1717,1710,943,950,948,941
537,1723,1714,1713,1722,954,945,944,953
538,1724,1722,1713,1715,955,953,944,946
539,1714,1723,1725,1720,945,954,956,951
540,1715,1721,1726,1724,946,952,957,955
541,1729,1728,1716,1720,960,959,947,951
542,1737,1721,1717,1738,968,952,948,969
543,1718,1716,1728,1727,949,947,959,958
544,1719,1739,1738,1717,950,970,969,948
545,1725,1730,1729,1720,956,961,960,951
546,1726,1721,1737,1736,957,952,968,967
547,1722,1733,1732,1723,953,964,963,954
548,1722,1724,1734,1733,953,955,965,964
549,1731,1730,1725,1723,962,961,956,954
550,1735,1724,1726,1736,966,955,957,967
551,1731,1723,1732,1742,962,954,963,973
552,1735,1743,1734,1724,966,974,965,955
553,1731,1742,1740,1730,962,973,971,961
554,1735,1736,1741,1743,966,967,972,974
555,1732,1733,1744,1742,963,964,975,973
556,1734,1743,1744,1733,965,974,975,964
557,1729,1730,1740,1745,960,961,971,976
558,1737,1746,1741,1736,968,977,972,967
559,1727,1728,1749,1747,958,959,980,978
560,1739,1748,1750,1738,970,979,981,969
561,1745,1749,1728,1729,976,980,959,960
562,1746,1737,1738,1750,977,968,969,981
563,1740,1742,1751,1745,971,973,982,976
564,1741,1746,1752,1743,972,977,983,974
565,1744,1753,1751,1742,975,984,982,973
566,1744,1743,1752,1753,975,974,983,984
567,1747,1749,1756,1754,978,980,987,985
568,1748,1755,1757,1750,979,986,988,981
569,1758,1756,1749,1745,989,987,980,976
570,1759,1746,1750,1757,990,977,981,988
571,1758,1745,1751,1760,989,976,982,991
572,1759,1761,1752,1746,990,992,983,977
573,1760,1751,1753,1762,991,982,984,993
574,1761,1762,1753,1752,992,993,984,983
575,1754,1756,1765,1763,985,987,996,994
576,1755,1764,1766,1757,986,995,997,988
577,1767,1765,1756,1758,998,996,987,989
578,1768,1759,1757,1766,999,990,988,997
579,1758,1760,1769,1767,989,991,1000,998
580,1759,1768,1770,1761,990,999,1001,992
581,1771,1769,1760,1762,1002,1000,991,993
582,1771,1762,1761,1770,1002,993,992,1001
583,1763,1765,1773,1772,994,996,1004,1003
584,1764,1780,1779,1766,995,1011,1010,997
585,1774,1773,1765,1767,1005,1004,996,998
586,1778,1768,1766,1779,1009,999,997,1010
587,1767,1769,1775,1774,998,1000,1006,1005
588,1768,1778,1777,1770,999,1009,1008,1001
589,1776,1775,1769,1771,1007,1006,1000,1002
590,1776,1771,1770,1777,1007,1002,1001,1008
591,1781,1782,1775,1776,1012,1013,1006,1007
592,1781,1776,1777,1783,1012,1007,1008,1014
593,1774,1775,1782,1784,1005,1006,1013,1015
594,1778,1785,1783,1777,1009,1016,1014,1008
595,1784,1786,1773,1774,1015,1017,1004,1005
596,1785,1778,1779,1787,1016,1009,1010,1018
597,1772,1773,1786,1788,1003,1004,1017,1019
598,1780,1789,1787,1779,1011,1020,1018,1010
599,1790,1791,1782,1781,1021,1022,1013,1012
600,1790,1781,1783,1792,1021,1012,1014,1023
601,1784,1782,1791,1793,1015,1013,1022,1024
602,1785,1794,1792,1783,1016,1025,1023,1014
603,1793,1795,1786,1784,1024,1026,1017,1015
604,1794,1785,1787,1796,1025,1016,1018,1027
605,1788,1786,1795,1797,1019,1017,1026,1028
606,1789,1798,1796,1787,1020,1029,1027,1018
607,1790,1799,1800,1791,1021,1030,1031,1022
608,1790,1792,1801,1799,1021,1023,1032,1030
609,1791,1800,1806,1793,1022,1031,1037,1024
610,1792,1794,1807,1801,1023,1025,1038,1032
611,1806,1802,1795,1793,1037,1033,1026,1024
612,1807,1794,1796,1803,1038,1025,1027,1034
613,1797,1795,1802,1804,1028,1026,1033,1035
614,1798,1805,1803,1796,1029,1036,1034,1027
615,1809,1800,1799,1808,1040,1031,1030,1039
616,1810,1808,1799,1801,1041,1039,1030,1032
617,1800,1809,1811,1806,1031,1040,1042,1037
618,1801,1807,1812,1810,1032,1038,1043,1041
619,1815,1814,1802,1806,1046,1045,1033,1037
620,1823,1807,1803,1824,1054,1038,1034,1055
621,1804,1802,1814,1813,1035,1033,1045,1044
622,1805,1825,1824,1803,1036,1056,1055,1034
623,1811,1816,1815,1806,1042,1047,1046,1037
624,1812,1807,1823,1822,1043,1038,1054,1053
625,1808,1819,1818,1809,1039,1050,1049,1040
626,1808,1810,1820,1819,1039,1041,1051,1050
627,1817,1816,1811,1809,1048,1047,1042,1040
628,1821,1810,1812,1822,1052,1041,1043,1053
629,1817,1809,1818,1828,1048,1040,1049,1059
630,1821,1829,1820,1810,1052,1060,1051,1041
631,1817,1828,1826,1816,1048,1059,1057,1047
632,1821,1822,1827,1829,1052,1053,1058,1060
633,1818,1819,1830,1828,1049,1050,1061,1059
634,1820,1829,1830,1819,1051,1060,1061,1050
635,1815,1816,1826,1831,1046,1047,1057,1062
636,1823,1832,1827,1822,1054,1063,1058,1053
637,1813,1814,1835,1833,1044,1045,1066,1064
638,1825,1834,1836,1824,1056,1065,1067,1055
639,1831,1835,1814,1815,1062,1066,1045,1046
640,1832,1823,1824,1836,1063,1054,1055,1067
641,1826,1828,1837,1831,1057,1059,1068,1062
642,1827,1832,1838,1829,1058,1063,1069,1060
643,1830,1839,1837,1828,1061,1070,1068,1059
644,1830,1829,1838,1839,1061,1060,1069,1070
645,1833,1835,1842,1840,1064,1066,1073,1071
646,1834,1841,1843,1836,1065,1072,1074,1067
647,1844,1842,1835,1831,1075,1073,1066,1062
648,1845,1832,1836,1843,1076,1063,1067,1074
649,1844,1831,1837,1846,1075,1062,1068,1077
650,1845,1847,1838,1832,1076,1078,1069,1063
651,1846,1837,1839,1848,1077,1068,1070,1079
652,1847,1848,1839,1838,1078,1079,1070,1069
653,1840,1842,1851,1849,1071,1073,1082,1080
654,1841,1850,1852,1843,1072,1081,1083,1074
655,1853,1851,1842,1844,1084,1082,1073,1075
656,1854,1845,1843,1852,1085,1076,1074,1083
657,1844,1846,1855,1853,1075,1077,1086,1084
658,1845,1854,1856,1847,1076,1085,1087,1078
659,1857,1855,1846,1848,1088,1086,1077,1079
660,1857,1848,1847,1856,1088,1079,1078,1087
661,1849,1851,1859,1858,1080,1082,1090,1089
662,1850,1866,1865,1852,1081,1097,1096,1083
663,1860,1859,1851,1853,1091,1090,1082,1084
664,1864,1854,1852,1865,1095,1085,1083,1096
665,1853,1855,1861,1860,1084,1086,1092,1091
666,1854,1864,1863,1856,1085,1095,1094,1087
667,1862,1861,1855,1857,1093,1092,1086,1088
668,1862,1857,1856,1863,1093,1088,1087,1094
669,1867,1868,1861,1862,1098,1099,1092,1093
670,1867,1862,1863,1869,1098,1093,1094,1100
671,1860,1861,1868,1870,1091,1092,1099,1101
672,1864,1871,1869,1863,1095,1102,1100,1094
673,1870,1872,1859,1860,1101,1103,1090,1091
674,1871,1864,1865,1873,1102,1095,1096,1104
675,1858,1859,1872,1874,1089,1090,1103,1105
676,1866,1875,1873,1865,1097,1106,1104,1096
677,1876,1877,1868,1867,1107,1108,1099,1098
678,1876,1867,1869,1878,1107,1098,1100,1109
679,1870,1868,1877,1879,1101,1099,1108,1110
680,1871,1880,1878,1869,1102,1111,1109,1100
681,1879,1881,1872,1870,1110,1112,1103,1101
682,1880,1871,1873,1882,1111,1102,1104,1113
683,1874,1872,1881,1883,1105,1103,1112,1114
684,1875,1884,1882,1873,1106,1115,1113,1104
685,1876,1885,1886,1877,1107,1116,1117,1108
686,1876,1878,1887,1885,1107,1109,1118,1116
687,1877,1886,1892,1879,1108,1117,1123,1110
688,1878,1880,1893,1887,1109,1111,1124,1118
689,1892,1888,1881,1879,1123,1119,1112,1110
690,1893,1880,1882,1889,1124,1111,1113,1120
691,1883,1881,1888,1890,1114,1112,1119,1121
692,1884,1891,1889,1882,1115,1122,1120,1113
693,1895,1886,1885,1894,1126,1117,1116,1125
694,1896,1894,1885,1887,1127,1125,1116,1118
695,1886,1895,1897,1892,1117,1126,1128,1123
696,1887,1893,1898,1896,1118,1124,1129,1127
697,1901,1900,1888,1892,1132,1131,1119,1123
698,1909,1893,1889,1910,1140,1124,1120,1141
699,1890,1888,1900,1899,1121,1119,1131,1130
700,1891,1911,1910,1889,1122,1142,1141,1120
701,1897,1902,1901,1892,1128,1133,1132,1123
702,1898,1893,1909,1908,1129,1124,1140,1139
703,1894,1905,1904,1895,1125,1136,1135,1126
704,1894,1896,1906,1905,1125,1127,1137,1136
705,1903,1902,1897,1895,1134,1133,1128,1126
706,1907,1896,1898,1908,1138,1127,1129,1139
707,1903,1895,1904,1914,1134,1126,1135,1145
708,1907,1915,1906,1896,1138,1146,1137,1127
709,1903,1914,1912,1902,1134,1145,1143,1133
710,1907,1908,1913,1915,1138,1139,1144,1146
711,1904,1905,1916,1914,1135,1136,1147,1145
712,1906,1915,1916,1905,1137,1146,1147,1136
713,1901,1902,1912,1917,1132,1133,1143,1148
714,1909,1918,1913,1908,1140,1149,1144,1139
715,1899,1900,1921,1919,1130,1131,1152,1150
716,1911,1920,1922,1910,1142,1151,1153,1141
717,1917,1921,1900,1901,1148,1152,1131,1132
718,1918,1909,1910,1922,1149,1140,1141,1153
719,1912,1914,1923,1917,1143,1145,1154,1148
720,1913,1918,1924,1915,1144,1149,1155,1146
721,1916,1925,1923,1914,1147,1156,1154,1145
722,1916,1915,1924,1925,1147,1146,1155,1156
723,1919,1921,1928,1926,1150,1152,1159,1157
724,1920,1927,1929,1922,1151,1158,1160,1153
725,1930,1928,1921,1917,1161,1159,1152,1148
726,1931,1918,1922,1929,1162,1149,1153,1160
727,1930,1917,1923,1932,1161,1148,1154,1163
728,1931,1933,1924,1918,1162,1164,1155,1149
729,1932,1923,1925,1934,1163,1154,1156,1165
730,1933,1934,1925,1924,1164,1165,1156,1155
731,1926,1928,1937,1935,1157,1159,1168,1166
732,1927,1936,1938,1929,1158,1167,1169,1160
733,1939,1937,1928,1930,1170,1168,1159,1161
734,1940,1931,1929,1938,1171,1162,1160,1169
735,1930,1932,1941,1939,1161,1163,1172,1170
736,1931,1940,1942,1933,1162,1171,1173,1164
737,1943,1941,1932,1934,1174,1172,1163,1165
738,1943,1934,1933,1942,1174,1165,1164,1173
739,1935,1937,1945,1944,1166,1168,1176,1175
740,1936,1952,1951,1938,1167,1183,1182,1169
741,1946,1945,1937,1939,1177,1176,1168,1170
742,1950,1940,1938,1951,1181,1171,1169,1182
743,1939,1941,1947,1946,1170,1172,1178,1177
744,1940,1950,1949,1942,1171,1181,1180,1173
745,1948,1947,1941,1943,1179,1178,1172,1174
746,1948,1943,1942,1949,1179,1174,1173,1180
747,1953,1954,1947,1948,1184,1185,1178,1179
748,1953,1948,1949,1955,1184,1179,1180,1186
749,1946,1947,1954,1956,1177,1178,1185,1187
750,1950,1957,1955,1949,1181,1188,1186,1180
751,1956,1958,1945,1946,1187,1189,1176,1177
752,1957,1950,1951,1959,1188,1181,1182,1190
753,1944,1945,1958,1960,1175,1176,1189,1191
754,1952,1961,1959,1951,1183,1192,1190,1182
755,1962,1963,1954,1953,1193,1194,1185,1184
756,1962,1953,1955,1964,1193,1184,1186,1195
757,1956,1954,1963,1965,1187,1185,1194,1196
758,1957,1966,1964,1955,1188,1197,1195,1186
759,1965,1967,1958,1956,1196,1198,1189,1187
760,1966,1957,1959,1968,1197,1188,1190,1199
761,1960,1958,1967,1969,1191,1189,1198,1200
762,1961,1970,1968,1959,1192,1201,1199,1190
763,1962,1971,1972,1963,1193,1202,1203,1194
764,1962,1964,1973,1971,1193,1195,1204,1202
765,1963,1972,1978,1965,1194,1203,1209,1196
766,1964,1966,1979,1973,1195,1197,1210,1204
767,1978,1974,1967,1965,1209,1205,1198,1196
768,1979,1966,1968,1975,1210,1197,1199,1206
769,1969,1967,1974,1976,1200,1198,1205,1207
770,1970,1977,1975,1968,1201,1208,1206,1199
771,1981,1972,1971,1980,1212,1203,1202,1211
772,1982,1980,1971,1973,1213,1211,1202,1204
773,1972,1981,1983,1978,1203,1212,1214,1209
774,1973,1979,1984,1982,1204,1210,1215,1213
775,1987,1986,1974,1978,1218,1217,1205,1209
776,1995,1979,1975,1996,1226,1210,1206,1227
777,1976,1974,1986,1985,1207,1205,1217,1216
778,1977,1997,1996,1975,1208,1228,1227,1206
779,1983,1988,1987,1978,1214,1219,1218,1209
780,1984,1979,1995,1994,1215,1210,1226,1225
781,1980,1991,1990,1981,1211,1222,1221,1212
782,1980,1982,1992,1991,1211,1213,1223,1222
783,1989,1988,1983,1981,1220,1219,1214,1212
784,1993,1982,1984,1994,1224,1213,1215,1225
785,1989,1981,1990,2000,1220,1212,1221,1231
786,1993,2001,1992,1982,1224,1232,1223,1213
787,1989,2000,1998,1988,1220,1231,1229,1219
788,1993,1994,1999,2001,1224,1225,1230,1232
789,1990,1991,2002,2000,1221,1222,1233,1231
790,1992,2001,2002,1991,1223,1232,1233,1222
791,1987,1988,1998,2003,1218,1219,1229,1234
792,1995,2004,1999,1994,1226,1235,1230,1225
793,1985,1986,2007,2005,1216,1217,1238,1236
794,1997,2006,2008,1996,1228,1237,1239,1227
795,2003,2007,1986,1987,1234,1238,1217,1218
796,2004,1995,1996,2008,1235,1226,1227,1239
797,1998,2000,2009,2003,1229,1231,1240,1234
798,1999,2004,2010,2001,1230,1235,1241,1232
799,2002,2011,2009,2000,1233,1242,1240,1231
800,2002,2001,2010,2011,1233,1232,1241,1242
801,2005,2007,2014,2012,1236,1238,1245,1243
802,2006,2013,2015,2008,1237,1244,1246,1239
803,2016,2014,2007,2003,1247,1245,1238,1234
804,2017,2004,2008,2015,1248,1235,1239,1246
805,2016,2003,2009,2018,1247,1234,1240,1249
806,2017,2019,2010,2004,1248,1250,1241,1235
807,2018,2009,2011,2020,1249,1240,1242,1251
808,2019,2020,2011,2010,1250,1251,1242,1241
809,2012,2014,2023,2021,1243,1245,1254,1252
810,2013,2022,2024,2015,1244,1253,1255,1246
811,2025,2023,2014,2016,1256,1254,1245,1247
812,2026,2017,2015,2024,1257,1248,1246,1255
813,2016,2018,2027,2025,1247,1249,1258,1256
814,2017,2026,2028,2019,1248,1257,1259,1250
815,2029,2027,2018,2020,1260,1258,1249,1251
816,2029,2020,2019,2028,1260,1251,1250,1259
817,2021,2023,2031,2030,1252,1254,1262,1261
818,2022,2038,2037,2024,1253,1269,1268,1255
819,2032,2031,2023,2025,1263,1262,1254,1256
820,2036,2026,2024,2037,1267,1257,1255,1268
821,2025,2027,2033,2032,1256,1258,1264,1263
822,2026,2036,2035,2028,1257,1267,1266,1259
823,2034,2033,2027,2029,1265,1264,1258,1260
824,2034,2029,2028,2035,1265,1260,1259,1266
825,2039,2040,2033,2034,1270,1271,1264,1265
826,2039,2034,2035,2041,1270,1265,1266,1272
827,2032,2033,2040,2042,1263,1264,1271,1273
828,2036,2043,2041,2035,1267,1274,1272,1266
829,2042,2044,2031,2032,1273,1275,1262,1263
830,2043,2036,2037,2045,1274,1267,1268,1276
831,2030,2031,2044,2046,1261,1262,1275,1277
832,2038,2047,2045,2037,1269,1278,1276,1268
833,2048,2049,2040,2039,1279,1280,1271,1270
834,2048,2039,2041,2050,1279,1270,1272,1281
835,2042,2040,2049,2051,1273,1271,1280,1282
836,2043,2052,2050,2041,1274,1283,1281,1272
837,2051,2053,2044,2042,1282,1284,1275,1273
838,2052,2043,2045,2054,1283,1274,1276,1285
839,2046,2044,2053,2055,1277,1275,1284,1286
840,2047,2056,2054,2045,1278,1287,1285,1276
841,2048,2057,2058,2049,1279,1288,1289,1280
842,2048,2050,2059,2057,1279,1281,1290,1288
843,2049,2058,2064,2051,1280,1289,1295,1282
844,2050,2052,2065,2059,1281,1283,1296,1290
845,2064,2060,2053,2051,1295,1291,1284,1282
846,2065,2052,2054,2061,1296,1283,1285,1292
847,2055,2053,2060,2062,1286,1284,1291,1293
848,2056,2063,2061,2054,1287,1294,1292,1285
849,2067,2058,2057,2066,1298,1289,1288,1297
850,2068,2066,2057,2059,1299,1297,1288,1290
851,2058,2067,2069,2064,1289,1298,1300,1295
852,2059,2065,2070,2068,1290,1296,1301,1299
853,2073,2072,2060,2064,1304,1303,1291,1295
854,2081,2065,2061,2082,1312,1296,1292,1313
855,2062,2060,2072,2071,1293,1291,1303,1302
856,2063,2083,2082,2061,1294,1314,1313,1292
857,2069,2074,2073,2064,1300,1305,1304,1295
858,2070,2065,2081,2080,1301,1296,1312,1311
859,2066,2077,2076,2067,1297,1308,1307,1298
860,2066,2068,2078,2077,1297,1299,1309,1308
861,2075,2074,2069,2067,1306,1305,1300,1298
862,2079,2068,2070,2080,1310,1299,1301,1311
863,2075,2067,2076,2086,1306,1298,1307,1317
864,2079,2087,2078,2068,1310,1318,1309,1299
865,2075,2086,2084,2074,1306,1317,1315,1305
866,2079,2080,2085,2087,1310,1311,1316,1318
867,2076,2077,2088,2086,1307,1308,1319,1317
868,2078,2087,2088,2077,1309,1318,1319,1308
869,2073,2074,2084,2089,1304,1305,1315,1320
870,2081,2090,2085,2080,1312,1321,1316,1311
871,2071,2072,2093,2091,1302,1303,1324,1322
872,2083,2092,2094,2082,1314,1323,1325,1313
873,2089,2093,2072,2073,1320,1324,1303,1304
874,2090,2081,2082,2094,1321,1312,1313,1325
875,2084,2086,2095,2089,1315,1317,1326,1320
876,2085,2090,2096,2087,1316,1321,1327,1318
877,2088,2097,2095,2086,1319,1328,1326,1317
878,2088,2087,2096,2097,1319,1318,1327,1328
879,2091,2093,2100,2098,1322,1324,1331,1329
880,2092,2099,2101,2094,1323,1330,1332,1325
881,2102,2100,2093,2089,1333,1331,1324,1320
882,2103,2090,2094,2101,1334,1321,1325,1332
883,2102,2089,2095,2104,1333,1320,1326,1335
884,2103,2105,2096,2090,1334,1336,1327,1321
885,2104,2095,2097,2106,1335,1326,1328,1337
886,2105,2106,2097,2096,1336,1337,1328,1327
887,2098,2100,2109,2107,1329,1331,1340,1338
888,2099,2108,2110,2101,1330,1339,1341,1332
889,2111,2109,2100,2102,1342,1340,1331,1333
890,2112,2103,2101,2110,1343,1334,1332,1341
891,2102,2104,2113,2111,1333,1335,1344,1342
892,2103,2112,2114,2105,1334,1343,1345,1336
893,2115,2113,2104,2106,1346,1344,1335,1337
894,2115,2106,2105,2114,1346,1337,1336,1345
895,2107,2109,2117,2116,1338,1340,1348,1347
896,2108,2124,2123,2110,1339,1355,1354,1341
897,2118,2117,2109,2111,1349,1348,1340,1342
898,2122,2112,2110,2123,1353,1343,1341,1354
899,2111,2113,2119,2118,1342,1344,1350,1349
900,2112,2122,2121,2114,1343,1353,1352,1345
901,2120,2119,2113,2115,1351,1350,1344,1346
902,2120,2115,2114,2121,1351,1346,1345,1352
903,2125,2126,2119,2120,1356,1357,1350,1351
904,2125,2120,2121,2127,1356,1351,1352,1358
905,2118,2119,2126,2128,1349,1350,1357,1359
906,2122,2129,2127,2121,1353,1360,1358,1352
907,2128,2130,2117,2118,1359,1361,1348,1349
908,2129,2122,2123,2131,1360,1353,1354,1362
909,2116,2117,2130,2132,1347,1348,1361,1363
910,2124,2133,2131,2123,1355,1364,1362,1354
911,2134,2135,2126,2125,1365,1366,1357,1356
912,2134,2125,2127,2136,1365,1356,1358,1367
913,2128,2126,2135,2137,1359,1357,1366,1368
914,2129,2138,2136,2127,1360,1369,1367,1358
915,2137,2139,2130,2128,1368,1370,1361,1359
916,2138,2129,2131,2140,1369,1360,1362,1371
917,2132,2130,2139,2141,1363,1361,1370,1372
918,2133,2142,2140,2131,1364,1373,1371,1362
919,2134,2143,2144,2135,1365,1374,1375,1366
920,2134,2136,2145,2143,1365,1367,1376,1374
921,2135,2144,2150,2137,1366,1375,1381,1368
922,2136,2138,2151,2145,1367,1369,1382,1376
923,2150,2146,2139,2137,1381,1377,1370,1368
924,2151,2138,2140,2147,1382,1369,1371,1378
925,2141,2139,2146,2148,1372,1370,1377,1379
926,2142,2149,2147,2140,1373,1380,1378,1371
927,2153,2144,2143,2152,1384,1375,1374,1383
928,2154,2152,2143,2145,1385,1383,1374,1376
929,2144,2153,2155,2150,1375,1384,1386,1381
930,2145,2151,2156,2154,1376,1382,1387,1385
931,2159,2158,2146,2150,1390,1389,1377,1381
932,2167,2151,2147,2168,1398,1382,1378,1399
933,2148,2146,2158,2157,1379,1377,1389,1388
934,2149,2169,2168,2147,1380,1400,1399,1378
935,2155,2160,2159,2150,1386,1391,1390,1381
936,2156,2151,2167,2166,1387,1382,1398,1397
937,2152,2163,2162,2153,1383,1394,1393,1384
938,2152,2154,2164,2163,1383,1385,1395,1394
939,2161,2160,2155,2153,1392,1391,1386,1384
940,2165,2154,2156,2166,1396,1385,1387,1397
941,2161,2153,2162,2172,1392,1384,1393,1403
942,2165,2173,2164,2154,1396,1404,1395,1385
943,2161,2172,2170,2160,1392,1403,1401,1391
944,2165,2166,2171,2173,1396,1397,1402,1404
945,2162,2163,2174,2172,1393,1394,1405,1403
946,2164,2173,2174,2163,1395,1404,1405,1394
947,2159,2160,2170,2175,1390,1391,1401,1406
948,2167,2176,2171,2166,1398,1407,1402,1397
949,2157,2158,2179,2177,1388,1389,1410,1408
950,2169,2178,2180,2168,1400,1409,1411,1399
951,2175,2179,2158,2159,1406,1410,1389,1390
952,2176,2167,2168,2180,1407,1398,1399,1411
953,2170,2172,2181,2175,1401,1403,1412,1406
954,2171,2176,2182,2173,1402,1407,1413,1404
955,2174,2183,2181,2172,1405,1414,1412,1403
956,2174,2173,2182,2183,1405,1404,1413,1414
957,2177,2179,2186,2184,1408,1410,1417,1415
958,2178,2185,2187,2180,1409,1416,1418,1411
959,2188,2186,2179,2175,1419,1417,1410,1406
960,2189,2176,2180,2187,1420,1407,1411,1418
961,2188,2175,2181,2190,1419,1406,1412,1421
962,2189,2191,2182,2176,1420,1422,1413,1407
963,2190,2181,2183,2192,1421,1412,1414,1423
964,2191,2192,2183,2182,1422,1423,1414,1413
965,2184,2186,2195,2193,1415,1417,1426,1424
966,2185,2194,2196,2187,1416,1425,1427,1418
967,2197,2195,2186,2188,1428,1426,1417,1419
968,2198,2189,2187,2196,1429,1420,1418,1427
969,2188,2190,2199,2197,1419,1421,1430,1428
970,2189,2198,2200,2191,1420,1429,1431,1422
971,2201,2199,2190,2192,1432,1430,1421,1423
972,2201,2192,2191,2200,1432,1423,1422,1431
973,2193,2195,2203,2202,1424,1426,1434,1433
974,2194,2210,2209,2196,1425,1441,1440,1427
975,2204,2203,2195,2197,1435,1434,1426,1428
976,2208,2198,2196,2209,1439,1429,1427,1440
977,2197,2199,2205,2204,1428,1430,1436,1435
978,2198,2208,2207,2200,1429,1439,1438,1431
979,2206,2205,2199,2201,1437,1436,1430,1432
980,2206,2201,2200,2207,1437,1432,1431,1438
981,2211,2212,2205,2206,1442,1443,1436,1437
982,2211,2206,2207,2213,1442,1437,1438,1444
983,2204,2205,2212,2214,1435,1436,1443,1445
984,2208,2215,2213,2207,1439,1446,1444,1438
985,2214,2216,2203,2204,1445,1447,1434,1435
986,2215,2208,2209,2217,1446,1439,1440,1448
987,2202,2203,2216,2218,1433,1434,1447,1449
988,2210,2219,2217,2209,1441,1450,1448,1440
989,2220,2221,2212,2211,1451,1452,1443,1442
990,2220,2211,2213,2222,1451,1442,1444,1453
991,2214,2212,2221,2223,1445,1443,1452,1454
992,2215,2224,2222,2213,1446,1455,1453,1444
993,2223,2225,2216,2214,1454,1456,1447,1445
994,2224,2215,2217,2226,1455,1446,1448,1457
995,2218,2216,2225,2227,1449,1447,1456,1458
996,2219,2228,2226,2217,1450,1459,1457,1448
997,2220,2229,2230,2221,1451,1460,1461,1452
998,2220,2222,2231,2229,1451,1453,1462,1460
999,2221,2230,2236,2223,1452,1461,1467,1454
1000,2222,2224,2237,2231,1453,1455,1468,1462
1001,2236,2232,2225,2223,1467,1463,1456,1454
1002,2237,2224,2226,2233,1468,1455,1457,1464
1003,2227,2225,2232,2234,1458,1456,1463,1465
1004,2228,2235,2233,2226,1459,1466,1464,1457
1005,2239,2230,2229,2238,1470,1461,1460,1469
1006,2240,2238,2229,2231,1471,1469,1460,1462
1007,2230,2239,2241,2236,1461,1470,1472,1467
1008,2231,2237,2242,2240,1462,1468,1473,1471
1009,2245,2244,2232,2236,1476,1475,1463,1467
1010,2253,2237,2233,2254,1484,1468,1464,1485
1011,2234,2232,2244,2243,1465,1463,1475,1474
1012,2235,2255,2254,2233,1466,1486,1485,1464
1013,2241,2246,2245,2236,1472,1477,1476,1467
1014,2242,2237,2253,2252,1473,1468,1484,1483
1015,2238,2249,2248,2239,1469,1480,1479,1470
1016,2238,2240,2250,2249,1469,1471,1481,1480
1017,2247,2246,2241,2239,1478,1477,1472,1470
1018,2251,2240,2242,2252,1482,1471,1473,1483
1019,2247,2239,2248,2258,1478,1470,1479,1489
1020,2251,2259,2250,2240,1482,1490,1481,1471
1021,2247,2258,2256,2246,1478,1489,1487,1477
1022,2251,2252,2257,2259,1482,1483,1488,1490
1023,2248,2249,2260,2258,1479,1480,1491,1489
1024,2250,2259,2260,2249,1481,1490,1491,1480
1025,2245,2246,2256,2261,1476,1477,1487,1492
1026,2253,2262,2257,2252,1484,1493,1488,1483
1027,2243,2244,2265,2263,1474,1475,1496,1494
1028,2255,2264,2266,2254,1486,1495,1497,1485
1029,2261,2265,2244,2245,1492,1496,1475,1476
1030,2262,2253,2254,2266,1493,1484,1485,1497
1031,2256,2258,2267,2261,1487,1489,1498,1492
1032,2257,2262,2268,2259,1488,1493,1499,1490
1033,2260,2269,2267,2258,1491,1500,1498,1489
1034,2260,2259,2268,2269,1491,1490,1499,1500
1035,2263,2265,2272,2270,1494,1496,1503,1501
1036,2264,2271,2273,2266,1495,1502,1504,1497
1037,2274,2272,2265,2261,1505,1503,1496,1492
1038,2275,2262,2266,2273,1506,1493,1497,1504
1039,2274,2261,2267,2276,1505,1492,1498,1507
1040,2275,2277,2268,2262,1506,1508,1499,1493
1041,2276,2267,2269,2278,1507,1498,1500,1509
1042,2277,2278,2269,2268,1508,1509,1500,1499
1043,2270,2272,2281,2279,1501,1503,1512,1510
1044,2271,2280,2282,2273,1502,1511,1513,1504
1045,2283,2281,2272,2274,1514,1512,1503,1505
1046,2284,2275,2273,2282,1515,1506,1504,1513
1047,2274,2276,2285,2283,1505,1507,1516,1514
1048,2275,2284,2286,2277,1506,1515,1517,1508
1049,2287,2285,2276,2278,1518,1516,1507,1509
1050,2287,2278,2277,2286,1518,1509,1508,1517
1051,2279,2281,2289,2288,1510,1512,1520,1519
1052,2280,2296,2295,2282,1511,1527,1526,1513
1053,2290,2289,2281,2283,1521,1520,1512,1514
1054,2294,2284,2282,2295,1525,1515,1513,1526
1055,2283,2285,2291,2290,1514,1516,1522,1521
1056,2284,2294,2293,2286,1515,1525,1524,1517
1057,2292,2291,2285,2287,1523,1522,1516,1518
1058,2292,2287,2286,2293,1523,1518,1517,1524
1059,2297,2298,2291,2292,1528,1529,1522,1523
1060,2297,2292,2293,2299,1528,1523,1524,1530
1061,2290,2291,2298,2300,1521,1522,1529,1531
1062,2294,2301,2299,2293,1525,1532,1530,1524
1063,2300,2302,2289,2290,1531,1533,1520,1521
1064,2301,2294,2295,2303,1532,1525,1526,1534
1065,2288,2289,2302,2304,1519,1520,1533,1535
1066,2296,2305,2303,2295,1527,1536,1534,1526
1067,2306,2307,2298,2297,1537,1538,1529,1528
1068,2306,2297,2299,2308,1537,1528,1530,1539
1069,2300,2298,2307,2309,1531,1529,1538,1540
1070,2301,2310,2308,2299,1532,1541,1539,1530
1071,2309,2311,2302,2300,1540,1542,1533,1531
1072,2310,2301,2303,2312,1541,1532,1534,1543
1073,2304,2302,2311,2313,1535,1533,1542,1544
1074,2305,2314,2312,2303,1536,1545,1543,1534
1075,2306,2315,2316,2307,1537,1546,1547,1538
1076,2306,2308,2317,2315,1537,1539,1548,1546
1077,2307,2316,2322,2309,1538,1547,1553,1540
1078,2308,2310,2323,2317,1539,1541,1554,1548
1079,2322,2318,2311,2309,1553,1549,1542,1540
1080,2323,2310,2312,2319,1554,1541,1543,1550
1081,2313,2311,2318,2320,1544,1542,1549,1551
1082,2314,2321,2319,2312,1545,1552,1550,1543
1083,2325,2316,2315,2324,1556,1547,1546,1555
1084,2326,2324,2315,2317,1557,1555,1546,1548
1085,2316,2325,2327,2322,1547,1556,1558,1553
1086,2317,2323,2328,2326,1548,1554,1559,1557
1087,2331,2330,2318,2322,1562,1561,1549,1553
1088,2339,2323,2319,2340,1570,1554,1550,1571
1089,2320,2318,2330,2329,1551,1549,1561,1560
1090,2321,2341,2340,2319,1552,1572,1571,1550
1091,2327,2332,2331,2322,1558,1563,1562,1553
1092,2328,2323,2339,2338,1559,1554,1570,1569
1093,2324,2335,2334,2325,1555,1566,1565,1556
1094,2324,2326,2336,2335,1555,1557,1567,1566
1095,2333,2332,2327,2325,1564,1563,1558,1556
1096,2337,2326,2328,2338,1568,1557,1559,1569
1097,2333,2325,2334,2344,1564,1556,1565,1575
1098,2337,2345,2336,2326,1568,1576,1567,1557
1099,2333,2344,2342,2332,1564,1575,1573,1563
1100,2337,2338,2343,2345,1568,1569,1574,1576
1101,2334,2335,2346,2344,1565,1566,1577,1575
1102,2336,2345,2346,2335,1567,1576,1577,1566
1103,2331,2332,2342,2347,1562,1563,1573,1578
1104,2339,2348,2343,2338,1570,1579,1574,1569
1105,2329,2330,2351,2349,1560,1561,1582,1580
1106,2341,2350,2352,2340,1572,1581,1583,1571
1107,2347,2351,2330,2331,1578,1582,1561,1562
1108,2348,2339,2340,2352,1579,1570,1571,1583
1109,2342,2344,2353,2347,1573,1575,1584,1578
1110,2343,2348,2354,2345,1574,1579,1585,1576
1111,2346,2355,2353,2344,1577,1586,1584,1575
1112,2346,2345,2354,2355,1577,1576,1585,1586
1113,2349,2351,2358,2356,1580,1582,1589,1587
1114,2350,2357,2359,2352,1581,1588,1590,1583
1115,2360,2358,2351,2347,1591,1589,1582,1578
1116,2361,2348,2352,2359,1592,1579,1583,1590
1117,2360,2347,2353,2362,1591,1578,1584,1593
1118,2361,2363,2354,2348,1592,1594,1585,1579
1119,2362,2353,2355,2364,1593,1584,1586,1595
1120,2363,2364,2355,2354,1594,1595,1586,1585
1121,2356,2358,2367,2365,1587,1589,1598,1596
1122,2357,2366,2368,2359,1588,1597,1599,1590
1123,2369,2367,2358,2360,1600,1598,1589,1591
1124,2370,2361,2359,2368,1601,1592,1590,1599
1125,2360,2362,2371,2369,1591,1593,1602,1600
1126,2361,2370,2372,2363,1592,1601,1603,1594
1127,2373,2371,2362,2364,1604,1602,1593,1595
1128,2373,2364,2363,2372,1604,1595,1594,1603
1129,2365,2367,2375,2374,1596,1598,1606,1605
1130,2366,2382,2381,2368,1597,1613,1612,1599
1131,2376,2375,2367,2369,1607,1606,1598,1600
1132,2380,2370,2368,2381,1611,1601,1599,1612
1133,2369,2371,2377,2376,1600,1602,1608,1607
1134,2370,2380,2379,2372,1601,1611,1610,1603
1135,2378,2377,2371,2373,1609,1608,1602,1604
1136,2378,2373,2372,2379,1609,1604,1603,1610
1137,2374,2375,2384,2383,1605,1606,1615,1614
1138,2375,2376,2385,2384,1606,1607,1616,1615
1139,2376,2377,2386,2385,1607,1608,1617,1616
1140,2377,2378,2387,2386,1608,1609,1618,1617
1141,2378,2379,2388,2387,1609,1610,1619,1618
1142,2379,2380,2389,2388,1610,1611,1620,1619
1143,2380,2381,2390,2389,1611,1612,1621,1620
1144,2381,2382,2391,2390,1612,1613,1622,1621
1145,2383,2384,2393,2392,1614,1615,1624,1623
1146,2384,2385,2394,2393,1615,1616,1625,1624
1147,2385,2386,2395,2394,1616,1617,1626,1625
1148,2386,2387,2396,2395,1617,1618,1627,1626
1149,2387,2388,2397,2396,1618,1619,1628,1627
1150,2388,2389,2398,2397,1619,1620,1629,1628
1151,2389,2390,2399,2398,1620,1621,1630,1629
1152,2390,2391,2400,2399,1621,1622,1631,1630
1153,2392,2393,2402,2401,1623,1624,1633,1632
1154,2393,2394,2403,2402,1624,1625,1634,1633
1155,2394,2395,2404,2403,1625,1626,1635,1634
1156,2395,2396,2405,2404,1626,1627,1636,1635
1157,2396,2397,2406,2405,1627,1628,1637,1636
1158,2397,2398,2407,2406,1628,1629,1638,1637
1159,2398,2399,2408,2407,1629,1630,1639,1638
1160,2399,2400,2409,2408,1630,1631,1640,1639
1161,2401,2402,2411,2410,1632,1633,1642,1641
1162,2402,2403,2412,2411,1633,1634,1643,1642
1163,2403,2404,2413,2412,1634,1635,1644,1643
1164,2404,2405,2414,2413,1635,1636,1645,1644
1165,2405,2406,2415,2414,1636,1637,1646,1645
1166,2406,2407,2416,2415,1637,1638,1647,1646
1167,2407,2408,2417,2416,1638,1639,1648,1647
1168,2408,2409,2418,2417,1639,1640,1649,1648
1169,2419,2420,2429,2428,1650,1651,1660,1659
1170,2420,2421,2430,2429,1651,1652,1661,1660
1171,2421,2422,2431,2430,1652,1653,1662,1661
1172,2422,2423,2432,2431,1653,1654,1663,1662
1173,2423,2424,2433,2432,1654,1655,1664,1663
1174,2424,2425,2434,2433,1655,1656,1665,1664
1175,2425,2426,2435,2434,1656,1657,1666,1665
1176,2426,2427,2436,2435,1657,1658,1667,1666
1177,2428,2429,2438,2437,1659,1660,1669,1668
1178,2429,2430,2439,2438,1660,1661,1670,1669
1179,2430,2431,2440,2439,1661,1662,1671,1670
1180,2431,2432,2441,2440,1662,1663,1672,1671
1181,2432,2433,2442,2441,1663,1664,1673,1672
1182,2433,2434,2443,2442,1664,1665,1674,1673
1183,2434,2435,2444,2443,1665,1666,1675,1674
1184,2435,2436,2445,2444,1666,1667,1676,1675
1185,2437,2438,2447,2446,1668,1669,1678,1677
1186,2438,2439,2448,2447,1669,1670,1679,1678
1187,2439,2440,2449,2448,1670,1671,1680,1679
1188,2440,2441,2450,2449,1671,1672,1681,1680
1189,2441,2442,2451,2450,1672,1673,1682,1681
1190,2442,2443,2452,2451,1673,1674,1683,1682
1191,2443,2444,2453,2452,1674,1675,1684,1683
1192,2444,2445,2454,2453,1675,1676,1685,1684
1193,2446,2447,2456,2455,1677,1678,1687,1686
1194,2447,2448,2457,2456,1678,1679,1688,1687
1195,2448,2449,2458,2457,1679,1680,1689,1688
1196,2449,2450,2459,2458,1680,1681,1690,1689
1197,2450,2451,2460,2459,1681,1682,1691,1690
1198,2451,2452,2461,2460,1682,1683,1692,1691
1199,2452,2453,2462,2461,1683,1684,1693,1692
1200,2453,2454,2463,2462,1684,1685,1694,1693
1201,2464,2465,2458,2459,1695,1696,1689,1690
1202,2464,2459,2460,2466,1695,1690,1691,1697
1203,2457,2458,2465,2467,1688,1689,1696,1698
1204,2461,2468,2466,2460,1692,1699,1697,1691
1205,2467,2469,2456,2457,1698,1700,1687,1688
1206,2468,2461,2462,2470,1699,1692,1693,1701
1207,2455,2456,2469,2471,1686,1687,1700,1702
1208,2463,2472,2470,2462,1694,1703,1701,1693
1209,2473,2474,2465,2464,1704,1705,1696,1695
1210,2473,2464,2466,2475,1704,1695,1697,1706
1211,2467,2465,2474,2476,1698,1696,1705,1707
1212,2468,2477,2475,2466,1699,1708,1706,1697
1213,2476,2478,2469,2467,1707,1709,1700,1698
1214,2477,2468,2470,2479,1708,1699,1701,1710
1215,2471,2469,2478,2480,1702,1700,1709,1711
1216,2472,2481,2479,2470,1703,1712,1710,1701
1217,2473,2482,2483,2474,1704,1713,1714,1705
1218,2473,2475,2484,2482,1704,1706,1715,1713
1219,2474,2483,2489,2476,1705,1714,1720,1707
1220,2475,2477,2490,2484,1706,1708,1721,1715
1221,2489,2485,2478,2476,1720,1716,1709,1707
1222,2490,2477,2479,2486,1721,1708,1710,1717
1223,2480,2478,2485,2487,1711,1709,1716,1718
1224,2481,2488,2486,2479,1712,1719,1717,1710
1225,2492,2483,2482,2491,1723,1714,1713,1722
1226,2493,2491,2482,2484,1724,1722,1713,1715
1227,2483,2492,2494,2489,1714,1723,1725,1720
1228,2484,2490,2495,2493,1715,1721,1726,1724
1229,2498,2497,2485,2489,1729,1728,1716,1720
1230,2506,2490,2486,2507,1737,1721,1717,1738
1231,2487,2485,2497,2496,1718,1716,1728,1727
1232,2488,2508,2507,2486,1719,1739,1738,1717
1233,2494,2499,2498,2489,1725,1730,1729,1720
1234,2495,2490,2506,2505,1726,1721,1737,1736
1235,2491,2502,2501,2492,1722,1733,1732,1723
1236,2491,2493,2503,2502,1722,1724,1734,1733
1237,2500,2499,2494,2492,1731,1730,1725,1723
1238,2504,2493,2495,2505,1735,1724,1726,1736
1239,2500,2492,2501,2511,1731,1723,1732,1742
1240,2504,2512,2503,2493,1735,1743,1734,1724
1241,2500,2511,2509,2499,1731,1742,1740,1730
1242,2504,2505,2510,2512,1735,1736,1741,1743
1243,2501,2502,2513,2511,1732,1733,1744,1742
1244,2503,2512,2513,2502,1734,1743,1744,1733
1245,2498,2499,2509,2514,1729,1730,1740,1745
1246,2506,2515,2510,2505,1737,1746,1741,1736
1247,2496,2497,2518,2516,1727,1728,1749,1747
1248,2508,2517,2519,2507,1739,1748,1750,1738
1249,2514,2518,2497,2498,1745,1749,1728,1729
1250,2515,2506,2507,2519,1746,1737,1738,1750
1251,2509,2511,2520,2514,1740,1742,1751,1745
1252,2510,2515,2521,2512,1741,1746,1752,1743
1253,2513,2522,2520,2511,1744,1753,1751,1742
1254,2513,2512,2521,2522,1744,1743,1752,1753
1255,2516,2518,2525,2523,1747,1749,1756,1754
1256,2517,2524,2526,2519,1748,1755,1757,1750
1257,2527,2525,2518,2514,1758,1756,1749,1745
1258,2528,2515,2519,2526,1759,1746,1750,1757
1259,2527,2514,2520,2529,1758,1745,1751,1760
1260,2528,2530,2521,2515,1759,1761,1752,1746
1261,2529,2520,2522,2531,1760,1751,1753,1762
1262,2530,2531,2522,2521,1761,1762,1753,1752
1263,2523,2525,2534,2532,1754,1756,1765,1763
1264,2524,2533,2535,2526,1755,1764,1766,1757
1265,2536,2534,2525,2527,1767,1765,1756,1758
1266,2537,2528,2526,2535,1768,1759,1757,1766
1267,2527,2529,2538,2536,1758,1760,1769,1767
1268,2528,2537,2539,2530,1759,1768,1770,1761
1269,2540,2538,2529,2531,1771,1769,1760,1762
1270,2540,2531,2530,2539,1771,1762,1761,1770
1271,2532,2534,2542,2541,1763,1765,1773,1772
1272,2533,2549,2548,2535,1764,1780,1779,1766
1273,2543,2542,2534,2536,1774,1773,1765,1767
1274,2547,2537,2535,2548,1778,1768,1766,1779
1275,2536,2538,2544,2543,1767,1769,1775,1774
1276,2537,2547,2546,2539,1768,1778,1777,1770
1277,2545,2544,2538,2540,1776,1775,1769,1771
1278,2545,2540,2539,2546,1776,1771,1770,1777
1279,2550,2551,2544,2545,1781,1782,1775,1776
1280,2550,2545,2546,2552,1781,1776,1777,1783
1281,2543,2544,2551,2553,1774,1775,1782,1784
1282,2547,2554,2552,2546,1778,1785,1783,1777
1283,2553,2555,2542,2543,1784,1786,1773,1774
1284,2554,2547,2548,2556,1785,1778,1779,1787
1285,2541,2542,2555,2557,1772,1773,1786,1788
1286,2549,2558,2556,2548,1780,1789,1787,1779
1287,2559,2560,2551,2550,1790,1791,1782,1781
1288,2559,2550,2552,2561,1790,1781,1783,1792
1289,2553,2551,2560,2562,1784,1782,1791,1793
1290,2554,2563,2561,2552,1785,1794,1792,1783
1291,2562,2564,2555,2553,1793,1795,1786,1784
1292,2563,2554,2556,2565,1794,1785,1787,1796
1293,2557,2555,2564,2566,1788,1786,1795,1797
1294,2558,2567,2565,2556,1789,1798,1796,1787
1295,2559,2568,2569,2560,1790,1799,1800,1791
1296,2559,2561,2570,2568,1790,1792,1801,1799
1297,2560,2569,2575,2562,1791,1800,1806,1793
1298,2561,2563,2576,2570,1792,1794,1807,1801
1299,2575,2571,2564,2562,1806,1802,1795,1793
1300,2576,2563,2565,2572,1807,1794,1796,1803
1301,2566,2564,2571,2573,1797,1795,1802,1804
1302,2567,2574,2572,2565,1798,1805,1803,1796
1303,2578,2569,2568,2577,1809,1800,1799,1808
1304,2579,2577,2568,2570,1810,1808,1799,1801
1305,2569,2578,2580,2575,1800,1809,1811,1806
1306,2570,2576,2581,2579,1801,1807,1812,1810
1307,2584,2583,2571,2575,1815,1814,1802,1806
1308,2592,2576,2572,2593,1823,1807,1803,1824
1309,2573,2571,2583,2582,1804,1802,1814,1813
1310,2574,2594,2593,2572,1805,1825,1824,1803
1311,2580,2585,2584,2575,1811,1816,1815,1806
1312,2581,2576,2592,2591,1812,1807,1823,1822
1313,2577,2588,2587,2578,1808,1819,1818,1809
1314,2577,2579,2589,2588,1808,1810,1820,1819
1315,2586,2585,2580,2578,1817,1816,1811,1809
1316,2590,2579,2581,2591,1821,1810,1812,1822
1317,2586,2578,2587,2597,1817,1809,1818,1828
1318,2590,2598,2589,2579,1821,1829,1820,1810
1319,2586,2597,2595,2585,1817,1828,1826,1816
1320,2590,2591,2596,2598,1821,1822,1827,1829
1321,2587,2588,2599,2597,1818,1819,1830,1828
1322,2589,2598,2599,2588,1820,1829,1830,1819
1323,2584,2585,2595,2600,1815,1816,1826,1831
1324,2592,2601,2596,2591,1823,1832,1827,1822
1325,2582,2583,2604,2602,1813,1814,1835,1833
1326,2594,2603,2605,2593,1825,1834,1836,1824
1327,2600,2604,2583,2584,1831,1835,1814,1815
1328,2601,2592,2593,2605,1832,1823,1824,1836
1329,2595,2597,2606,2600,1826,1828,1837,1831
1330,2596,2601,2607,2598,1827,1832,1838,1829
1331,2599,2608,2606,2597,1830,1839,1837,1828
1332,2599,2598,2607,2608,1830,1829,1838,1839
1333,2602,2604,2611,2609,1833,1835,1842,1840
1334,2603,2610,2612,2605,1834,1841,1843,1836
1335,2613,2611,2604,2600,1844,1842,1835,1831
1336,2614,2601,2605,2612,1845,1832,1836,1843
1337,2613,2600,2606,2615,1844,1831,1837,1846
1338,2614,2616,2607,2601,1845,1847,1838,1832
1339,2615,2606,2608,2617,1846,1837,1839,1848
1340,2616,2617,2608,2607,1847,1848,1839,1838
1341,2609,2611,2620,2618,1840,1842,1851,1849
1342,2610,2619,2621,2612,1841,1850,1852,1843
1343,2622,2620,2611,2613,1853,1851,1842,1844
1344,2623,2614,2612,2621,1854,1845,1843,1852
1345,2613,2615,2624,2622,1844,1846,1855,1853
1346,2614,2623,2625,2616,1845,1854,1856,1847
1347,2626,2624,2615,2617,1857,1855,1846,1848
1348,2626,2617,2616,2625,1857,1848,1847,1856
1349,2618,2620,2628,2627,1849,1851,1859,1858
1350,2619,2635,2634,2621,1850,1866,1865,1852
1351,2629,2628,2620,2622,1860,1859,1851,1853
1352,2633,2623,2621,2634,1864,1854,1852,1865
1353,2622,2624,2630,2629,1853,1855,1861,1860
1354,2623,2633,2632,2625,1854,1864,1863,1856
1355,2631,2630,2624,2626,1862,1861,1855,1857
1356,2631,2626,2625,2632,1862,1857,1856,1863
1357,2636,2637,2630,2631,1867,1868,1861,1862
1358,2636,2631,2632,2638,1867,1862,1863,1869
1359,2629,2630,2637,2639,1860,1861,1868,1870
1360,2633,2640,2638,2632,1864,1871,1869,1863
1361,2639,2641,2628,2629,1870,1872,1859,1860
1362,2640,2633,2634,2642,1871,1864,1865,1873
1363,2627,2628,2641,2643,1858,1859,1872,1874
1364,2635,2644,2642,2634,1866,1875,1873,1865
1365,2645,2646,2637,2636,1876,1877,1868,1867
1366,2645,2636,2638,2647,1876,1867,1869,1878
1367,2639,2637,2646,2648,1870,1868,1877,1879
1368,2640,2649,2647,2638,1871,1880,1878,1869
1369,2648,2650,2641,2639,1879,1881,1872,1870
1370,2649,2640,2642,2651,1880,1871,1873,1882
1371,2643,2641,2650,2652,1874,1872,1881,1883
1372,2644,2653,2651,2642,1875,1884,1882,1873
1373,2645,2654,2655,2646,1876,1885,1886,1877
1374,2645,2647,2656,2654,1876,1878,1887,1885
1375,2646,2655,2661,2648,1877,1886,1892,1879
1376,2647,2649,2662,2656,1878,1880,1893,1887
1377,2661,2657,2650,2648,1892,1888,1881,1879
1378,2662,2649,2651,2658,1893,1880,1882,1889
1379,2652,2650,2657,2659,1883,1881,1888,1890
1380,2653,2660,2658,2651,1884,1891,1889,1882
1381,2664,2655,2654,2663,1895,1886,1885,1894
1382,2665,2663,2654,2656,1896,1894,1885,1887
1383,2655,2664,2666,2661,1886,1895,1897,1892
1384,2656,2662,2667,2665,1887,1893,1898,1896
1385,2670,2669,2657,2661,1901,1900,1888,1892
1386,2678,2662,2658,2679,1909,1893,1889,1910
1387,2659,2657,2669,2668,1890,1888,1900,1899
1388,2660,2680,2679,2658,1891,1911,1910,1889
1389,2666,2671,2670,2661,1897,1902,1901,1892
1390,2667,2662,2678,2677,1898,1893,1909,1908
1391,2663,2674,2673,2664,1894,1905,1904,1895
1392,2663,2665,2675,2674,1894,1896,1906,1905
1393,2672,2671,2666,2664,1903,1902,1897,1895
1394,2676,2665,2667,2677,1907,1896,1898,1908
1395,2672,2664,2673,2683,1903,1895,1904,1914
1396,2676,2684,2675,2665,1907,1915,1906,1896
1397,2672,2683,2681,2671,1903,1914,1912,1902
1398,2676,2677,2682,2684,1907,1908,1913,1915
1399,2673,2674,2685,2683,1904,1905,1916,1914
1400,2675,2684,2685,2674,1906,1915,1916,1905
1401,2670,2671,2681,2686,1901,1902,1912,1917
1402,2678,2687,2682,2677,1909,1918,1913,1908
1403,2668,2669,2690,2688,1899,1900,1921,1919
1404,2680,2689,2691,2679,1911,1920,1922,1910
1405,2686,2690,2669,2670,1917,1921,1900,1901
1406,2687,2678,2679,2691,1918,1909,1910,1922
1407,2681,2683,2692,2686,1912,1914,1923,1917
1408,2682,2687,2693,2684,1913,1918,1924,1915
1409,2685,2694,2692,2683,1916,1925,1923,1914
1410,2685,2684,2693,2694,1916,1915,1924,1925
1411,2688,2690,2697,2695,1919,1921,1928,1926
1412,2689,2696,2698,2691,1920,1927,1929,1922
1413,2699,2697,2690,2686,1930,1928,1921,1917
1414,2700,2687,2691,2698,1931,1918,1922,1929
1415,2699,2686,2692,2701,1930,1917,1923,1932
1416,2700,2702,2693,2687,1931,1933,1924,1918
1417,2701,2692,2694,2703,1932,1923,1925,1934
1418,2702,2703,2694,2693,1933,1934,1925,1924
1419,2695,2697,2706,2704,1926,1928,1937,1935
1420,2696,2705,2707,2698,1927,1936,1938,1929
1421,2708,2706,2697,2699,1939,1937,1928,1930
1422,2709,2700,2698,2707,1940,1931,1929,1938
1423,2699,2701,2710,2708,1930,1932,1941,1939
1424,2700,2709,2711,2702,1931,1940,1942,1933
1425,2712,2710,2701,2703,1943,1941,1932,1934
1426,2712,2703,2702,2711,1943,1934,1933,1942
1427,2704,2706,2714,2713,1935,1937,1945,1944
1428,2705,2721,2720,2707,1936,1952,1951,1938
1429,2715,2714,2706,2708,1946,1945,1937,1939
1430,2719,2709,2707,2720,1950,1940,1938,1951
1431,2708,2710,2716,2715,1939,1941,1947,1946
1432,2709,2719,2718,2711,1940,1950,1949,1942
1433,2717,2716,2710,2712,1948,1947,1941,1943
1434,2717,2712,2711,2718,1948,1943,1942,1949
1435,2722,2723,2716,2717,1953,1954,1947,1948
1436,2722,2717,2718,2724,1953,1948,1949,1955
1437,2715,2716,2723,2725,1946,1947,1954,1956
1438,2719,2726,2724,2718,1950,1957,1955,1949
1439,2725,2727,2714,2715,1956,1958,1945,1946
1440,2726,2719,2720,2728,1957,1950,1951,1959
1441,2713,2714,2727,2729,1944,1945,1958,1960
1442,2721,2730,2728,2720,1952,1961,1959,1951
1443,2731,2732,2723,2722,1962,1963,1954,1953
1444,2731,2722,2724,2733,1962,1953,1955,1964
1445,2725,2723,2732,2734,1956,1954,1963,1965
1446,2726,2735,2733,2724,1957,1966,1964,1955
1447,2734,2736,2727,2725,1965,1967,1958,1956
1448,2735,2726,2728,2737,1966,1957,1959,1968
1449,2729,2727,2736,2738,1960,1958,1967,1969
1450,2730,2739,2737,2728,1961,1970,1968,1959
1451,2731,2740,2741,2732,1962,1971,1972,1963
1452,2731,2733,2742,2740,1962,1964,1973,1971
1453,2732,2741,2747,2734,1963,1972,1978,1965
1454,2733,2735,2748,2742,1964,1966,1979,1973
1455,2747,2743,2736,2734,1978,1974,1967,1965
1456,2748,2735,2737,2744,1979,1966,1968,1975
1457,2738,2736,2743,2745,1969,1967,1974,1976
1458,2739,2746,2744,2737,1970,1977,1975,1968
1459,2750,2741,2740,2749,1981,1972,1971,1980
1460,2751,2749,2740,2742,1982,1980,1971,1973
1461,2741,2750,2752,2747,1972,1981,1983,1978
1462,2742,2748,2753,2751,1973,1979,1984,1982
1463,2756,2755,2743,2747,1987,1986,1974,1978
1464,2764,2748,2744,2765,1995,1979,1975,1996
1465,2745,2743,2755,2754,1976,1974,1986,1985
1466,2746,2766,2765,2744,1977,1997,1996,1975
1467,2752,2757,2756,2747,1983,1988,1987,1978
1468,2753,2748,2764,2763,1984,1979,1995,1994
1469,2749,2760,2759,2750,1980,1991,1990,1981
1470,2749,2751,2761,2760,1980,1982,1992,1991
1471,2758,2757,2752,2750,1989,1988,1983,1981
1472,2762,2751,2753,2763,1993,1982,1984,1994
1473,2758,2750,2759,2769,1989,1981,1990,2000
1474,2762,2770,2761,2751,1993,2001,1992,1982
1475,2758,2769,2767,2757,1989,2000,1998,1988
1476,2762,2763,2768,2770,1993,1994,1999,2001
1477,2759,2760,2771,2769,1990,1991,2002,2000
1478,2761,2770,2771,2760,1992,2001,2002,1991
1479,2756,2757,2767,2772,1987,1988,1998,2003
1480,2764,2773,2768,2763,1995,2004,1999,1994
1481,2754,2755,2776,2774,1985,1986,2007,2005
1482,2766,2775,2777,2765,1997,2006,2008,1996
1483,2772,2776,2755,2756,2003,2007,1986,1987
1484,2773,2764,2765,2777,2004,1995,1996,2008
1485,2767,2769,2778,2772,1998,2000,2009,2003
1486,2768,2773,2779,2770,1999,2004,2010,2001
1487,2771,2780,2778,2769,2002,2011,2009,2000
1488,2771,2770,2779,2780,2002,2001,2010,2011
1489,2774,2776,2783,2781,2005,2007,2014,2012
1490,2775,2782,2784,2777,2006,2013,2015,2008
1491,2785,2783,2776,2772,2016,2014,2007,2003
1492,2786,2773,2777,2784,2017,2004,2008,2015
1493,2785,2772,2778,2787,2016,2003,2009,2018
1494,2786,2788,2779,2773,2017,2019,2010,2004
1495,2787,2778,2780,2789,2018,2009,2011,2020
1496,2788,2789,2780,2779,2019,2020,2011,2010
1497,2781,2783,2792,2790,2012,2014,2023,2021
1498,2782,2791,2793,2784,2013,2022,2024,2015
1499,2794,2792,2783,2785,2025,2023,2014,2016
1500,2795,2786,2784,2793,2026,2017,2015,2024
1501,2785,2787,2796,2794,2016,2018,2027,2025
1502,2786,2795,2797,2788,2017,2026,2028,2019
1503,2798,2796,2787,2789,2029,2027,2018,2020
1504,2798,2789,2788,2797,2029,2020,2019,2028
1505,2790,2792,2800,2799,2021,2023,2031,2030
1506,2791,2807,2806,2793,2022,2038,2037,2024
1507,2801,2800,2792,2794,2032,2031,2023,2025
1508,2805,2795,2793,2806,2036,2026,2024,2037
1509,2794,2796,2802,2801,2025,2027,2033,2032
1510,2795,2805,2804,2797,2026,2036,2035,2028
1511,2803,2802,2796,2798,2034,2033,2027,2029
1512,2803,2798,2797,2804,2034,2029,2028,2035
1513,2808,2809,2802,2803,2039,2040,2033,2034
1514,2808,2803,2804,2810,2039,2034,2035,2041
1515,2801,2802,2809,2811,2032,2033,2040,2042
1516,2805,2812,2810,2804,2036,2043,2041,2035
1517,2811,2813,2800,2801,2042,2044,2031,2032
1518,2812,2805,2806,2814,2043,2036,2037,2045
1519,2799,2800,2813,2815,2030,2031,2044,2046
1520,2807,2816,2814,2806,2038,2047,2045,2037
1521,2817,2818,2809,2808,2048,2049,2040,2039
1522,2817,2808,2810,2819,2048,2039,2041,2050
1523,2811,2809,2818,2820,2042,2040,2049,2051
1524,2812,2821,2819,2810,2043,2052,2050,2041
1525,2820,2822,2813,2811,2051,2053,2044,2042
1526,2821,2812,2814,2823,2052,2043,2045,2054
1527,2815,2813,2822,2824,2046,2044,2053,2055
1528,2816,2825,2823,2814,2047,2056,2054,2045
1529,2817,2826,2827,2818,2048,2057,2058,2049
1530,2817,2819,2828,2826,2048,2050,2059,2057
1531,2818,2827,2833,2820,2049,2058,2064,2051
1532,2819,2821,2834,2828,2050,2052,2065,2059
1533,2833,2829,2822,2820,2064,2060,2053,2051
1534,2834,2821,2823,2830,2065,2052,2054,2061
1535,2824,2822,2829,2831,2055,2053,2060,2062
1536,2825,2832,2830,2823,2056,2063,2061,2054
1537,2836,2827,2826,2835,2067,2058,2057,2066
1538,2837,2835,2826,2828,2068,2066,2057,2059
1539,2827,2836,2838,2833,2058,2067,2069,2064
1540,2828,2834,2839,2837,2059,2065,2070,2068
1541,2842,2841,2829,2833,2073,2072,2060,2064
1542,2850,2834,2830,2851,2081,2065,2061,2082
1543,2831,2829,2841,2840,2062,2060,2072,2071
1544,2832,2852,2851,2830,2063,2083,2082,2061
1545,2838,2843,2842,2833,2069,2074,2073,2064
1546,2839,2834,2850,2849,2070,2065,2081,2080
1547,2835,2846,2845,2836,2066,2077,2076,2067
1548,2835,2837,2847,2846,2066,2068,2078,2077
1549,2844,2843,2838,2836,2075,2074,2069,2067
1550,2848,2837,2839,2849,2079,2068,2070,2080
1551,2844,2836,2845,2855,2075,2067,2076,2086
1552,2848,2856,2847,2837,2079,2087,2078,2068
1553,2844,2855,2853,2843,2075,2086,2084,2074
1554,2848,2849,2854,2856,2079,2080,2085,2087
1555,2845,2846,2857,2855,2076,2077,2088,2086
1556,2847,2856,2857,2846,2078,2087,2088,2077
1557,2842,2843,2853,2858,2073,2074,2084,2089
1558,2850,2859,2854,2849,2081,2090,2085,2080
1559,2840,2841,2862,2860,2071,2072,2093,2091
1560,2852,2861,2863,2851,2083,2092,2094,2082
1561,2858,2862,2841,2842,2089,2093,2072,2073
1562,2859,2850,2851,2863,2090,2081,2082,2094
1563,2853,2855,2864,2858,2084,2086,2095,2089
1564,2854,2859,2865,2856,2085,2090,2096,2087
1565,2857,2866,2864,2855,2088,2097,2095,2086
1566,2857,2856,2865,2866,2088,2087,2096,2097
1567,2860,2862,2869,2867,2091,2093,2100,2098
1568,2861,2868,2870,2863,2092,2099,2101,2094
1569,2871,2869,2862,2858,2102,2100,2093,2089
1570,2872,2859,2863,2870,2103,2090,2094,2101
1571,2871,2858,2864,2873,2102,2089,2095,2104
1572,2872,2874,2865,2859,2103,2105,2096,2090
1573,2873,2864,2866,2875,2104,2095,2097,2106
1574,2874,2875,2866,2865,2105,2106,2097,2096
1575,2867,2869,2878,2876,2098,2100,2109,2107
1576,2868,2877,2879,2870,2099,2108,2110,2101
1577,2880,2878,2869,2871,2111,2109,2100,2102
1578,2881,2872,2870,2879,2112,2103,2101,2110
1579,2871,2873,2882,2880,2102,2104,2113,2111
1580,2872,2881,2883,2874,2103,2112,2114,2105
1581,2884,2882,2873,2875,2115,2113,2104,2106
1582,2884,2875,2874,2883,2115,2106,2105,2114
1583,2876,2878,2886,2885,2107,2109,2117,2116
1584,2877,2893,2892,2879,2108,2124,2123,2110
1585,2887,2886,2878,2880,2118,2117,2109,2111
1586,2891,2881,2879,2892,2122,2112,2110,2123
1587,2880,2882,2888,2887,2111,2113,2119,2118
1588,2881,2891,2890,2883,2112,2122,2121,2114
1589,2889,2888,2882,2884,2120,2119,2113,2115
1590,2889,2884,2883,2890,2120,2115,2114,2121
1591,2894,2895,2888,2889,2125,2126,2119,2120
1592,2894,2889,2890,2896,2125,2120,2121,2127
1593,2887,2888,2895,2897,2118,2119,2126,2128
1594,2891,2898,2896,2890,2122,2129,2127,2121
1595,2897,2899,2886,2887,2128,2130,2117,2118
1596,2898,2891,2892,2900,2129,2122,2123,2131
1597,2885,2886,2899,2901,2116,2117,2130,2132
1598,2893,2902,2900,2892,2124,2133,2131,2123
1599,2903,2904,2895,2894,2134,2135,2126,2125
1600,2903,2894,2896,2905,2134,2125,2127,2136
1601,2897,2895,2904,2906,2128,2126,2135,2137
1602,2898,2907,2905,2896,2129,2138,2136,2127
1603,2906,2908,2899,2897,2137,2139,2130,2128
1604,2907,2898,2900,2909,2138,2129,2131,2140
1605,2901,2899,2908,2910,2132,2130,2139,2141
1606,2902,2911,2909,2900,2133,2142,2140,2131
1607,2903,2912,2913,2904,2134,2143,2144,2135
1608,2903,2905,2914,2912,2134,2136,2145,2143
1609,2904,2913,2919,2906,2135,2144,2150,2137
1610,2905,2907,2920,2914,2136,2138,2151,2145
1611,2919,2915,2908,2906,2150,2146,2139,2137
1612,2920,2907,2909,2916,2151,2138,2140,2147
1613,2910,2908,2915,2917,2141,2139,2146,2148
1614,2911,2918,2916,2909,2142,2149,2147,2140
1615,2922,2913,2912,2921,2153,2144,2143,2152
1616,2923,2921,2912,2914,2154,2152,2143,2145
1617,2913,2922,2924,2919,2144,2153,2155,2150
1618,2914,2920,2925,2923,2145,2151,2156,2154
1619,2928,2927,2915,2919,2159,2158,2146,2150
1620,2936,2920,2916,2937,2167,2151,2147,2168
1621,2917,2915,2927,2926,2148,2146,2158,2157
1622,2918,2938,2937,2916,2149,2169,2168,2147
1623,2924,2929,2928,2919,2155,2160,2159,2150
1624,2925,2920,2936,2935,2156,2151,2167,2166
1625,2921,2932,2931,2922,2152,2163,2162,2153
1626,2921,2923,2933,2932,2152,2154,2164,2163
1627,2930,2929,2924,2922,2161,2160,2155,2153
1628,2934,2923,2925,2935,2165,2154,2156,2166
1629,2930,2922,2931,2941,2161,2153,2162,2172
1630,2934,2942,2933,2923,2165,2173,2164,2154
1631,2930,2941,2939,2929,2161,2172,2170,2160
1632,2934,2935,2940,2942,2165,2166,2171,2173
1633,2931,2932,2943,2941,2162,2163,2174,2172
1634,2933,2942,2943,2932,2164,2173,2174,2163
1635,2928,2929,2939,2944,2159,2160,2170,2175
1636,2936,2945,2940,2935,2167,2176,2171,2166
1637,2926,2927,2948,2946,2157,2158,2179,2177
1638,2938,2947,2949,2937,2169,2178,2180,2168
1639,2944,2948,2927,2928,2175,2179,2158,2159
1640,2945,2936,2937,2949,2176,2167,2168,2180
1641,2939,2941,2950,2944,2170,2172,2181,2175
1642,2940,2945,2951,2942,2171,2176,2182,2173
1643,2943,2952,2950,2941,2174,2183,2181,2172
1644,2943,2942,2951,2952,2174,2173,2182,2183
1645,2946,2948,2955,2953,2177,2179,2186,2184
1646,2947,2954,2956,2949,2178,2185,2187,2180
1647,2957,2955,2948,2944,2188,2186,2179,2175
1648,2958,2945,2949,2956,2189,2176,2180,2187
1649,2957,2944,2950,2959,2188,2175,2181,2190
1650,2958,2960,2951,2945,2189,2191,2182,2176
1651,2959,2950,2952,2961,2190,2181,2183,2192
1652,2960,2961,2952,2951,2191,2192,2183,2182
1653,2953,2955,2964,2962,2184,2186,2195,2193
1654,2954,2963,2965,2956,2185,2194,2196,2187
1655,2966,2964,2955,2957,2197,2195,2186,2188
1656,2967,2958,2956,2965,2198,2189,2187,2196
1657,2957,2959,2968,2966,2188,2190,2199,2197
1658,2958,2967,2969,2960,2189,2198,2200,2191
1659,2970,2968,2959,2961,2201,2199,2190,2192
1660,2970,2961,2960,2969,2201,2192,2191,2200
1661,2962,2964,2972,2971,2193,2195,2203,2202
1662,2963,2979,2978,2965,2194,2210,2209,2196
1663,2973,2972,2964,2966,2204,2203,2195,2197
1664,2977,2967,2965,2978,2208,2198,2196,2209
1665,2966,2968,2974,2973,2197,2199,2205,2204
1666,2967,2977,2976,2969,2198,2208,2207,2200
1667,2975,2974,2968,2970,2206,2205,2199,2201
1668,2975,2970,2969,2976,2206,2201,2200,2207
1669,2980,2981,2974,2975,2211,2212,2205,2206
1670,2980,2975,2976,2982,2211,2206,2207,2213
1671,2973,2974,2981,2983,2204,2205,2212,2214
1672,2977,2984,2982,2976,2208,2215,2213,2207
1673,2983,2985,2972,2973,2214,2216,2203,2204
1674,2984,2977,2978,2986,2215,2208,2209,2217
1675,2971,2972,2985,2987,2202,2203,2216,2218
1676,2979,2988,2986,2978,2210,2219,2217,2209
1677,2989,2990,2981,2980,2220,2221,2212,2211
1678,2989,2980,2982,2991,2220,2211,2213,2222
1679,2983,2981,2990,2992,2214,2212,2221,2223
1680,2984,2993,2991,2982,2215,2224,2222,2213
1681,2992,2994,2985,2983,2223,2225,2216,2214
1682,2993,2984,2986,2995,2224,2215,2217,2226
1683,2987,2985,2994,2996,2218,2216,2225,2227
1684,2988,2997,2995,2986,2219,2228,2226,2217
1685,2989,2998,2999,2990,2220,2229,2230,2221
1686,2989,2991,3000,2998,2220,2222,2231,2229
1687,2990,2999,3005,2992,2221,2230,2236,2223
1688,2991,2993,3006,3000,2222,2224,2237,2231
1689,3005,3001,2994,2992,2236,2232,2225,2223
1690,3006,2993,2995,3002,2237,2224,2226,2233
1691,2996,2994,3001,3003,2227,2225,2232,2234
1692,2997,3004,3002,2995,2228,2235,2233,2226
1693,3008,2999,2998,3007,2239,2230,2229,2238
1694,3009,3007,2998,3000,2240,2238,2229,2231
1695,2999,3008,3010,3005,2230,2239,2241,2236
1696,3000,3006,3011,3009,2231,2237,2242,2240
1697,3014,3013,3001,3005,2245,2244,2232,2236
1698,3022,3006,3002,3023,2253,2237,2233,2254
1699,3003,3001,3013,3012,2234,2232,2244,2243
1700,3004,3024,3023,3002,2235,2255,2254,2233
1701,3010,3015,3014,3005,2241,2246,2245,2236
1702,3011,3006,3022,3021,2242,2237,2253,2252
1703,3007,3018,3017,3008,2238,2249,2248,2239
1704,3007,3009,3019,3018,2238,2240,2250,2249
1705,3016,3015,3010,3008,2247,2246,2241,2239
1706,3020,3009,3011,3021,2251,2240,2242,2252
1707,3016,3008,3017,3027,2247,2239,2248,2258
1708,3020,3028,3019,3009,2251,2259,2250,2240
1709,3016,3027,3025,3015,2247,2258,2256,2246
1710,3020,3021,3026,3028,2251,2252,2257,2259
1711,3017,3018,3029,3027,2248,2249,2260,2258
1712,3019,3028,3029,3018,2250,2259,2260,2249
1713,3014,3015,3025,3030,2245,2246,2256,2261
1714,3022,3031,3026,3021,2253,2262,2257,2252
1715,3012,3013,3034,3032,2243,2244,2265,2263
1716,3024,3033,3035,3023,2255,2264,2266,2254
1717,3030,3034,3013,3014,2261,2265,2244,2245
1718,3031,3022,3023,3035,2262,2253,2254,2266
1719,3025,3027,3036,3030,2256,2258,2267,2261
1720,3026,3031,3037,3028,2257,2262,2268,2259
1721,3029,3038,3036,3027,2260,2269,2267,2258
1722,3029,3028,3037,3038,2260,2259,2268,2269
1723,3032,3034,3041,3039,2263,2265,2272,2270
1724,3033,3040,3042,3035,2264,2271,2273,2266
1725,3043,3041,3034,3030,2274,2272,2265,2261
1726,3044,3031,3035,3042,2275,2262,2266,2273
1727,3043,3030,3036,3045,2274,2261,2267,2276
1728,3044,3046,3037,3031,2275,2277,2268,2262
1729,3045,3036,3038,3047,2276,2267,2269,2278
1730,3046,3047,3038,3037,2277,2278,2269,2268
1731,3039,3041,3050,3048,2270,2272,2281,2279
1732,3040,3049,3051,3042,2271,2280,2282,2273
1733,3052,3050,3041,3043,2283,2281,2272,2274
1734,3053,3044,3042,3051,2284,2275,2273,2282
1735,3043,3045,3054,3052,2274,2276,2285,2283
1736,3044,3053,3055,3046,2275,2284,2286,2277
1737,3056,3054,3045,3047,2287,2285,2276,2278
1738,3056,3047,3046,3055,2287,2278,2277,2286
1739,3048,3050,3058,3057,2279,2281,2289,2288
1740,3049,3065,3064,3051,2280,2296,2295,2282
1741,3059,3058,3050,3052,2290,2289,2281,2283
1742,3063,3053,3051,3064,2294,2284,2282,2295
1743,3052,3054,3060,3059,2283,2285,2291,2290
1744,3053,3063,3062,3055,2284,2294,2293,2286
1745,3061,3060,3054,3056,2292,2291,2285,2287
1746,3061,3056,3055,3062,2292,2287,2286,2293
1747,3066,3067,3060,3061,2297,2298,2291,2292
1748,3066,3061,3062,3068,2297,2292,2293,2299
1749,3059,3060,3067,3069,2290,2291,2298,2300
1750,3063,3070,3068,3062,2294,2301,2299,2293
1751,3069,3071,3058,3059,2300,2302,2289,2290
1752,3070,3063,3064,3072,2301,2294,2295,2303
1753,3057,3058,3071,3073,2288,2289,2302,2304
1754,3065,3074,3072,3064,2296,2305,2303,2295
1755,3075,3076,3067,3066,2306,2307,2298,2297
1756,3075,3066,3068,3077,2306,2297,2299,2308
1757,3069,3067,3076,3078,2300,2298,2307,2309
1758,3070,3079,3077,3068,2301,2310,2308,2299
1759,3078,3080,3071,3069,2309,2311,2302,2300
1760,3079,3070,3072,3081,2310,2301,2303,2312
1761,3073,3071,3080,3082,2304,2302,2311,2313
1762,3074,3083,3081,3072,2305,2314,2312,2303
1763,3075,3084,3085,3076,2306,2315,2316,2307
1764,3075,3077,3086,3084,2306,2308,2317,2315
1765,3076,3085,3091,3078,2307,2316,2322,2309
1766,3077,3079,3092,3086,2308,2310,2323,2317
1767,3091,3087,3080,3078,2322,2318,2311,2309
1768,3092,3079,3081,3088,2323,2310,2312,2319
1769,3082,3080,3087,3089,2313,2311,2318,2320
1770,3083,3090,3088,3081,2314,2321,2319,2312
1771,3094,3085,3084,3093,2325,2316,2315,2324
1772,3095,3093,3084,3086,2326,2324,2315,2317
1773,3085,3094,3096,3091,2316,2325,2327,2322
1774,3086,3092,3097,3095,2317,2323,2328,2326
1775,3100,3099,3087,3091,2331,2330,2318,2322
1776,3108,3092,3088,3109,2339,2323,2319,2340
1777,3089,3087,3099,3098,2320,2318,2330,2329
1778,3090,3110,3109,3088,2321,2341,2340,2319
1779,3096,3101,3100,3091,2327,2332,2331,2322
1780,3097,3092,3108,3107,2328,2323,2339,2338
1781,3093,3104,3103,3094,2324,2335,2334,2325
1782,3093,3095,3105,3104,2324,2326,2336,2335
1783,3102,3101,3096,3094,2333,2332,2327,2325
1784,3106,3095,3097,3107,2337,2326,2328,2338
1785,3102,3094,3103,3113,2333,2325,2334,2344
1786,3106,3114,3105,3095,2337,2345,2336,2326
1787,3102,3113,3111,3101,2333,2344,2342,2332
1788,3106,3107,3112,3114,2337,2338,2343,2345
1789,3103,3104,3115,3113,2334,2335,2346,2344
1790,3105,3114,3115,3104,2336,2345,2346,2335
1791,3100,3101,3111,3116,2331,2332,2342,2347
1792,3108,3117,3112,3107,2339,2348,2343,2338
1793,3098,3099,3120,3118,2329,2330,2351,2349
1794,3110,3119,3121,3109,2341,2350,2352,2340
1795,3116,3120,3099,3100,2347,2351,2330,2331
1796,3117,3108,3109,3121,2348,2339,2340,2352
1797,3111,3113,3122,3116,2342,2344,2353,2347
1798,3112,3117,3123,3114,2343,2348,2354,2345
1799,3115,3124,3122,3113,2346,2355,2353,2344
1800,3115,3114,3123,3124,2346,2345,2354,2355
1801,3118,3120,3127,3125,2349,2351,2358,2356
1802,3119,3126,3128,3121,2350,2357,2359,2352
1803,3129,3127,3120,3116,2360,2358,2351,2347
1804,3130,3117,3121,3128,2361,2348,2352,2359
1805,3129,3116,3122,3131,2360,2347,2353,2362
1806,3130,3132,3123,3117,2361,2363,2354,2348
1807,3131,3122,3124,3133,2362,2353,2355,2364
1808,3132,3133,3124,3123,2363,2364,2355,2354
1809,3125,3127,3136,3134,2356,2358,2367,2365
1810,3126,3135,3137,3128,2357,2366,2368,2359
1811,3138,3136,3127,3129,2369,2367,2358,2360
1812,3139,3130,3128,3137,2370,2361,2359,2368
1813,3129,3131,3140,3138,2360,2362,2371,2369
1814,3130,3139,3141,3132,2361,2370,2372,2363
1815,3142,3140,3131,3133,2373,2371,2362,2364
1816,3142,3133,3132,3141,2373,2364,2363,2372
1817,3134,3136,3144,3143,2365,2367,2375,2374
1818,3135,3151,3150,3137,2366,2382,2381,2368
1819,3145,3144,3136,3138,2376,2375,2367,2369
1820,3149,3139,3137,3150,2380,2370,2368,2381
1821,3138,3140,3146,3145,2369,2371,2377,2376
1822,3139,3149,3148,3141,2370,2380,2379,2372
1823,3147,3146,3140,3142,2378,2377,2371,2373
1824,3147,3142,3141,3148,2378,2373,2372,2379
1825,3143,3144,3153,3152,2374,2375,2384,2383
1826,3144,3145,3154,3153,2375,2376,2385,2384
1827,3145,3146,3155,3154,2376,2377,2386,2385
1828,3146,3147,3156,3155,2377,2378,2387,2386
1829,3147,3148,3157,3156,2378,2379,2388,2387
1830,3148,3149,3158,3157,2379,2380,2389,2388
1831,3149,3150,3159,3158,2380,2381,2390,2389
1832,3150,3151,3160,3159,2381,2382,2391,2390
1833,3152,3153,3162,3161,2383,2384,2393,2392
1834,3153,3154,3163,3162,2384,2385,2394,2393
1835,3154,3155,3164,3163,2385,2386,2395,2394
1836,3155,3156,3165,3164,2386,2387,2396,2395
1837,3156,3157,3166,3165,2387,2388,2397,2396
1838,3157,3158,3167,3166,2388,2389,2398,2397
1839,3158,3159,3168,3167,2389,2390,2399,2398
1840,3159,3160,3169,3168,2390,2391,2400,2399
1841,3161,3162,3171,3170,2392,2393,2402,2401
1842,3162,3163,3172,3171,2393,2394,2403,2402
1843,3163,3164,3173,3172,2394,2395,2404,2403
1844,3164,3165,3174,3173,2395,2396,2405,2404
1845,3165,3166,3175,3174,2396,2397,2406,2405
1846,3166,3167,3176,3175,2397,2398,2407,2406
1847,3167,3168,3177,3176,2398,2399,2408,2407
1848,3168,3169,3178,3177,2399,2400,2409,2408
1849,3170,3171,3180,3179,2401,2402,2411,2410
1850,3171,3172,3181,3180,2402,2403,2412,2411
1851,3172,3173,3182,3181,2403,2404,2413,2412
1852,3173,3174,3183,3182,2404,2405,2414,2413
1853,3174,3175,3184,3183,2405,2406,2415,2414
1854,3175,3176,3185,3184,2406,2407,2416,2415
1855,3176,3177,3186,3185,2407,2408,2417,2416
1856,3177,3178,3187,3186,2408,2409,2418,2417
